,id_tarifa,consumo_kWh,%consumo_valle,%consumo_llano,%consumo_punta,%consumo_8h,%consumo_16h
0,0,206,29,70,1,22,78
1,0,276,11,51,38,67,33
2,0,220,23,47,30,35,65
3,0,198,21,76,3,55,45
4,0,215,17,24,59,77,23
5,0,146,11,63,26,0,100
6,0,206,23,45,32,21,79
7,0,131,58,13,29,11,89
8,0,134,50,31,19,13,87
9,0,230,45,41,14,77,23
10,0,221,46,38,16,62,38
11,0,174,20,67,13,71,29
12,0,248,3,15,82,33,67
13,0,245,41,48,11,9,91
14,0,190,12,57,31,53,47
15,0,222,41,32,27,54,46
16,0,294,47,1,52,38,62
17,0,167,60,22,18,50,50
18,0,201,71,11,18,29,71
19,0,249,52,23,25,92,8
20,0,296,6,15,79,71,29
21,1,195,16,8,76,85,15
22,1,260,62,26,12,64,36
23,1,159,43,27,30,78,22
24,1,157,3,37,60,60,40
25,1,179,10,69,21,72,28
26,1,181,7,9,84,75,25
27,1,248,17,15,68,15,85
28,1,142,27,9,64,72,28
29,1,102,67,23,10,2,98
30,1,237,87,12,1,39,61
31,1,267,8,45,47,41,59
32,1,280,29,27,44,88,12
33,1,130,63,7,30,64,36
34,1,288,5,85,10,1,99
35,1,213,78,4,18,88,12
36,1,201,55,14,31,13,87
37,1,156,42,33,25,35,65
38,1,253,0,82,18,43,57
39,1,127,24,5,71,1,99
40,1,150,13,62,25,40,60
41,1,100,14,12,74,16,84
42,2,161,42,12,46,87,13
43,2,299,53,30,17,60,40
44,2,287,49,50,1,53,47
45,2,262,1,47,52,64,36
46,2,227,74,18,8,7,93
47,2,173,36,56,8,26,74
48,2,170,71,24,5,30,70
49,2,223,25,63,12,12,88
50,2,273,2,41,57,19,81
51,2,215,32,34,34,50,50
52,2,242,18,74,8,64,36
53,2,267,15,50,35,97,3
54,2,271,61,5,34,22,78
55,2,226,15,39,46,39,61
56,2,229,15,18,67,23,77
57,2,170,28,27,45,25,75
58,2,103,18,8,74,10,90
59,2,112,20,9,71,10,90
60,2,226,38,35,27,52,48
61,2,161,36,60,4,48,52
62,2,113,21,17,62,25,75
63,3,100,39,48,13,28,72
64,3,117,8,33,59,38,62
65,3,142,4,58,38,20,80
66,3,230,7,81,12,75,25
67,3,243,23,47,30,36,64
68,3,241,14,83,3,91,9
69,3,286,1,4,95,1,99
70,3,195,14,80,6,8,92
71,3,244,9,26,65,77,23
72,3,137,72,6,22,100,0
73,3,174,58,27,15,19,81
74,3,266,81,10,9,99,1
75,3,207,7,0,93,87,13
76,3,180,15,81,4,58,42
77,3,190,6,72,22,0,100
78,3,163,20,11,69,67,33
79,3,134,51,26,23,81,19
80,3,295,85,1,14,41,59
81,3,172,50,38,12,11,89
82,3,153,11,86,3,29,71
83,3,214,63,25,12,22,78
84,4,279,45,42,13,27,73
85,4,220,41,49,10,35,65
86,4,225,1,41,58,3,97
87,4,110,98,0,2,60,40
88,4,266,15,17,68,31,69
89,4,118,15,6,79,61,39
90,4,275,35,32,33,38,62
91,4,283,69,15,16,100,0
92,4,203,4,47,49,8,92
93,4,259,22,33,45,84,16
94,4,272,34,32,34,30,70
95,4,113,12,30,58,91,9
96,4,204,78,21,1,61,39
97,4,189,12,6,82,31,69
98,4,180,0,16,84,52,48
99,4,268,1,32,67,41,59
100,4,100,12,79,9,82,18
101,4,190,80,14,6,81,19
102,4,192,29,11,60,45,55
103,4,262,58,42,0,94,6
104,4,244,6,85,9,14,86
105,5,136,40,7,53,32,68
106,5,261,63,15,22,99,1
107,5,237,14,5,81,12,88
108,5,151,9,77,14,80,20
109,5,170,13,63,24,73,27
110,5,152,85,2,13,41,59
111,5,290,30,70,0,69,31
112,5,275,22,33,45,1,99
113,5,174,8,19,73,9,91
114,5,140,11,81,8,21,79
115,5,103,12,38,50,51,49
116,5,177,33,31,36,91,9
117,5,206,19,50,31,55,45
118,5,134,59,7,34,59,41
119,5,162,30,16,54,82,18
120,5,167,27,3,70,29,71
121,5,255,26,33,41,2,98
122,5,289,29,3,68,5,95
123,5,291,39,8,53,12,88
124,5,248,44,31,25,2,98
125,5,150,20,39,41,59,41
126,6,233,26,45,29,54,46
127,6,153,55,4,41,30,70
128,6,293,39,0,61,56,44
129,6,227,21,31,48,80,20
130,6,275,12,51,37,46,54
131,6,292,23,57,20,47,53
132,6,287,34,14,52,45,55
133,6,258,74,7,19,21,79
134,6,240,12,77,11,97,3
135,6,286,50,30,20,79,21
136,6,161,27,59,14,61,39
137,6,116,78,10,12,11,89
138,6,295,22,55,23,14,86
139,6,213,15,28,57,64,36
140,6,120,27,71,2,10,90
141,6,160,49,26,25,34,66
142,6,199,18,79,3,49,51
143,6,166,0,19,81,78,22
144,6,164,7,65,28,70,30
145,6,215,52,37,11,77,23
146,6,180,10,28,62,38,62
147,7,106,38,30,32,87,13
148,7,181,33,17,50,16,84
149,7,140,2,52,46,59,41
150,7,195,35,54,11,2,98
151,7,138,35,3,62,56,44
152,7,237,21,39,40,50,50
153,7,247,64,25,11,88,12
154,7,151,59,7,34,39,61
155,7,110,29,24,47,80,20
156,7,268,30,45,25,23,77
157,7,294,52,32,16,72,28
158,7,251,5,35,60,33,67
159,7,262,54,31,15,9,91
160,7,145,11,63,26,75,25
161,7,150,30,55,15,33,67
162,7,223,20,58,22,30,70
163,7,120,14,12,74,30,70
164,7,122,39,11,50,89,11
165,7,203,5,33,62,69,31
166,7,207,16,33,51,84,16
167,7,269,44,3,53,5,95
168,8,269,21,17,62,68,32
169,8,181,38,2,60,52,48
170,8,195,28,8,64,90,10
171,8,107,64,12,24,59,41
172,8,147,2,40,58,15,85
173,8,192,50,50,0,61,39
174,8,231,15,57,28,92,8
175,8,136,26,43,31,52,48
176,8,122,31,9,60,56,44
177,8,230,24,31,45,93,7
178,8,209,23,61,16,99,1
179,8,260,54,23,23,15,85
180,8,230,45,28,27,76,24
181,8,110,20,30,50,60,40
182,8,281,75,11,14,96,4
183,8,126,9,18,73,50,50
184,8,166,16,40,44,15,85
185,8,275,12,44,44,6,94
186,8,239,60,38,2,100,0
187,8,100,8,65,27,48,52
188,8,234,0,69,31,72,28
189,9,289,0,94,6,45,55
190,9,138,18,52,30,79,21
191,9,293,8,21,71,16,84
192,9,172,6,44,50,35,65
193,9,158,26,61,13,30,70
194,9,141,46,5,49,100,0
195,9,291,67,2,31,6,94
196,9,213,40,11,49,93,7
197,9,174,19,12,69,70,30
198,9,211,35,48,17,54,46
199,9,209,22,29,49,31,69
200,9,120,2,14,84,4,96
201,9,124,34,16,50,22,78
202,9,190,25,36,39,55,45
203,9,125,20,16,64,47,53
204,9,232,26,7,67,68,32
205,9,264,6,85,9,87,13
206,9,178,63,30,7,41,59
207,9,157,20,74,6,2,98
208,9,283,80,9,11,34,66
209,9,173,60,6,34,15,85
210,10,218,62,29,9,1,99
211,10,294,40,48,12,25,75
212,10,288,29,46,25,88,12
213,10,172,3,43,54,37,63
214,10,202,28,70,2,64,36
215,10,181,61,2,37,72,28
216,10,269,56,25,19,73,27
217,10,133,17,49,34,3,97
218,10,206,21,61,18,94,6
219,10,263,7,54,39,36,64
220,10,234,38,20,42,21,79
221,10,275,45,21,34,48,52
222,10,168,31,25,44,25,75
223,10,228,5,35,60,70,30
224,10,263,48,42,10,39,61
225,10,178,2,58,40,12,88
226,10,140,0,27,73,95,5
227,10,291,25,10,65,79,21
228,10,180,20,75,5,83,17
229,10,293,66,6,28,50,50
230,10,261,53,4,43,22,78
231,11,293,20,76,4,8,92
232,11,180,54,16,30,63,37
233,11,270,27,60,13,36,64
234,11,146,22,74,4,13,87
235,11,141,19,70,11,32,68
236,11,223,52,46,2,89,11
237,11,292,73,9,18,92,8
238,11,286,65,15,20,31,69
239,11,117,39,60,1,3,97
240,11,122,51,29,20,54,46
241,11,232,57,28,15,2,98
242,11,171,9,67,24,67,33
243,11,264,38,12,50,42,58
244,11,180,0,100,0,96,4
245,11,161,2,98,0,74,26
246,11,150,18,61,21,20,80
247,11,206,9,0,91,30,70
248,11,176,72,28,0,22,78
249,11,241,34,58,8,36,64
250,11,128,11,57,32,34,66
251,11,115,3,76,21,63,37
252,12,227,54,4,42,50,50
253,12,183,4,65,31,40,60
254,12,217,11,26,63,44,56
255,12,150,52,5,43,72,28
256,12,223,4,65,31,100,0
257,12,212,18,16,66,64,36
258,12,106,60,9,31,22,78
259,12,168,55,11,34,11,89
260,12,246,53,46,1,15,85
261,12,138,5,64,31,44,56
262,12,267,81,18,1,64,36
263,12,136,23,39,38,61,39
264,12,247,21,36,43,17,83
265,12,117,38,59,3,39,61
266,12,271,66,23,11,84,16
267,12,110,51,7,42,95,5
268,12,113,19,81,0,61,39
269,12,200,17,0,83,37,63
270,12,133,2,34,64,9,91
271,12,200,83,7,10,75,25
272,12,241,10,10,80,59,41
273,13,107,89,2,9,90,10
274,13,239,12,39,49,2,98
275,13,100,50,17,33,78,22
276,13,139,87,9,4,94,6
277,13,139,72,0,28,93,7
278,13,107,87,1,12,70,30
279,13,135,54,27,19,17,83
280,13,187,28,19,53,28,72
281,13,103,60,40,0,95,5
282,13,167,26,21,53,41,59
283,13,132,43,22,35,78,22
284,13,217,47,23,30,3,97
285,13,135,60,37,3,57,43
286,13,118,61,26,13,37,63
287,13,259,52,13,35,35,65
288,13,256,7,87,6,56,44
289,13,160,13,54,33,68,32
290,13,208,4,51,45,55,45
291,13,249,0,96,4,73,27
292,13,233,1,56,43,98,2
293,13,221,33,19,48,71,29
294,14,123,54,20,26,34,66
295,14,105,57,13,30,87,13
296,14,271,16,62,22,68,32
297,14,174,39,26,35,95,5
298,14,298,17,27,56,8,92
299,14,234,94,5,1,76,24
300,14,259,9,63,28,50,50
301,14,182,14,47,39,91,9
302,14,189,30,60,10,85,15
303,14,144,1,45,54,92,8
304,14,211,80,16,4,68,32
305,14,275,21,25,54,86,14
306,14,149,23,17,60,30,70
307,14,230,8,26,66,26,74
308,14,181,33,44,23,65,35
309,14,187,57,33,10,73,27
310,14,224,43,14,43,47,53
311,14,168,5,74,21,81,19
312,14,237,78,4,18,3,97
313,14,137,28,63,9,74,26
314,14,214,69,28,3,38,62
315,15,215,7,35,58,94,6
316,15,199,72,22,6,17,83
317,15,142,38,53,9,22,78
318,15,236,7,75,18,22,78
319,15,263,95,1,4,4,96
320,15,280,45,27,28,41,59
321,15,251,16,14,70,83,17
322,15,195,7,73,20,32,68
323,15,147,12,18,70,19,81
324,15,260,45,0,55,78,22
325,15,195,35,41,24,64,36
326,15,117,13,33,54,88,12
327,15,296,54,33,13,43,57
328,15,235,80,1,19,57,43
329,15,118,75,19,6,58,42
330,15,201,42,41,17,51,49
331,15,141,7,19,74,51,49
332,15,122,96,2,2,50,50
333,15,109,30,54,16,19,81
334,15,295,20,40,40,92,8
335,15,102,2,56,42,99,1
336,16,183,42,35,23,41,59
337,16,205,37,43,20,57,43
338,16,188,72,2,26,46,54
339,16,261,29,1,70,62,38
340,16,205,42,15,43,57,43
341,16,196,11,43,46,97,3
342,16,147,71,21,8,71,29
343,16,115,18,10,72,21,79
344,16,260,12,73,15,80,20
345,16,238,40,55,5,3,97
346,16,283,19,1,80,14,86
347,16,247,13,20,67,37,63
348,16,259,69,6,25,63,37
349,16,177,36,34,30,22,78
350,16,228,48,5,47,78,22
351,16,187,2,55,43,25,75
352,16,159,64,1,35,38,62
353,16,229,43,37,20,50,50
354,16,130,51,1,48,79,21
355,16,275,51,22,27,44,56
356,16,107,55,23,22,18,82
357,17,234,6,41,53,41,59
358,17,245,18,9,73,68,32
359,17,107,48,16,36,18,82
360,17,202,26,36,38,12,88
361,17,280,40,49,11,88,12
362,17,295,37,25,38,60,40
363,17,232,22,77,1,42,58
364,17,108,87,7,6,19,81
365,17,181,14,52,34,67,33
366,17,122,32,16,52,93,7
367,17,126,70,27,3,94,6
368,17,102,12,84,4,68,32
369,17,123,72,17,11,58,42
370,17,233,27,29,44,8,92
371,17,194,63,19,18,79,21
372,17,141,60,32,8,42,58
373,17,158,18,40,42,3,97
374,17,134,51,32,17,51,49
375,17,199,18,75,7,7,93
376,17,281,1,95,4,92,8
377,17,240,13,79,8,65,35
378,18,217,22,5,73,24,76
379,18,154,55,11,34,81,19
380,18,137,53,35,12,2,98
381,18,118,66,34,0,15,85
382,18,152,7,86,7,37,63
383,18,102,16,53,31,98,2
384,18,208,28,55,17,72,28
385,18,226,12,10,78,11,89
386,18,190,52,46,2,24,76
387,18,249,31,17,52,20,80
388,18,285,16,12,72,92,8
389,18,158,37,20,43,30,70
390,18,268,13,58,29,63,37
391,18,282,49,15,36,95,5
392,18,270,72,14,14,31,69
393,18,131,62,8,30,87,13
394,18,132,12,15,73,77,23
395,18,268,14,1,85,68,32
396,18,149,8,73,19,41,59
397,18,218,5,10,85,59,41
398,18,215,67,29,4,66,34
399,19,229,28,66,6,21,79
400,19,130,90,8,2,67,33
401,19,153,0,15,85,61,39
402,19,280,16,27,57,66,34
403,19,129,15,59,26,12,88
404,19,112,15,41,44,95,5
405,19,174,65,8,27,14,86
406,19,180,6,64,30,59,41
407,19,262,79,1,20,13,87
408,19,140,45,27,28,61,39
409,19,234,84,7,9,17,83
410,19,232,4,34,62,67,33
411,19,210,36,28,36,69,31
412,19,294,62,21,17,78,22
413,19,292,47,8,45,84,16
414,19,145,71,26,3,1,99
415,19,291,24,75,1,28,72
416,19,192,51,46,3,17,83
417,19,298,13,30,57,76,24
418,19,107,13,67,20,22,78
419,19,258,46,50,4,78,22
420,20,194,4,18,78,7,93
421,20,280,55,37,8,100,0
422,20,264,29,30,41,76,24
423,20,221,15,55,30,46,54
424,20,276,4,1,95,53,47
425,20,202,4,92,4,40,60
426,20,178,86,14,0,28,72
427,20,171,37,61,2,98,2
428,20,181,11,4,85,40,60
429,20,297,3,76,21,96,4
430,20,106,36,42,22,43,57
431,20,241,5,3,92,6,94
432,20,260,47,24,29,58,42
433,20,160,15,83,2,73,27
434,20,174,5,38,57,73,27
435,20,296,58,6,36,88,12
436,20,244,16,52,32,23,77
437,20,170,28,14,58,1,99
438,20,268,6,55,39,95,5
439,20,156,20,47,33,77,23
440,20,290,13,14,73,10,90
441,21,150,8,50,42,10,90
442,21,157,59,21,20,98,2
443,21,134,34,24,42,64,36
444,21,100,10,18,72,11,89
445,21,218,69,5,26,55,45
446,21,132,8,1,91,28,72
447,21,173,9,2,89,37,63
448,21,184,22,38,40,54,46
449,21,249,8,78,14,32,68
450,21,117,65,4,31,75,25
451,21,236,83,11,6,22,78
452,21,169,0,87,13,87,13
453,21,156,9,82,9,75,25
454,21,257,39,51,10,51,49
455,21,221,78,21,1,43,57
456,21,144,30,55,15,28,72
457,21,185,37,17,46,29,71
458,21,265,41,43,16,32,68
459,21,144,7,34,59,36,64
460,21,230,66,6,28,69,31
461,21,150,19,31,50,94,6
462,22,272,22,31,47,5,95
463,22,216,38,39,23,61,39
464,22,196,1,27,72,0,100
465,22,219,26,18,56,56,44
466,22,289,29,52,19,55,45
467,22,123,48,42,10,14,86
468,22,106,56,3,41,23,77
469,22,162,6,37,57,2,98
470,22,294,47,45,8,78,22
471,22,165,34,34,32,30,70
472,22,201,34,18,48,30,70
473,22,169,2,60,38,39,61
474,22,147,16,12,72,61,39
475,22,280,86,7,7,80,20
476,22,153,39,40,21,54,46
477,22,158,46,28,26,97,3
478,22,208,12,70,18,70,30
479,22,148,54,42,4,0,100
480,22,136,59,35,6,76,24
481,22,269,12,24,64,90,10
482,22,174,7,65,28,50,50
483,23,189,40,31,29,20,80
484,23,169,37,1,62,42,58
485,23,130,14,82,4,15,85
486,23,294,36,35,29,34,66
487,23,161,70,18,12,91,9
488,23,134,35,27,38,59,41
489,23,265,13,71,16,17,83
490,23,124,36,64,0,74,26
491,23,221,11,24,65,23,77
492,23,117,35,21,44,25,75
493,23,253,12,3,85,35,65
494,23,271,6,45,49,14,86
495,23,181,61,33,6,46,54
496,23,284,12,44,44,16,84
497,23,131,62,9,29,88,12
498,23,167,33,48,19,74,26
499,23,152,0,81,19,64,36
500,23,297,9,42,49,84,16
501,23,191,26,29,45,81,19
502,23,100,32,63,5,52,48
503,23,274,0,72,28,70,30
504,24,156,61,14,25,50,50
505,24,224,77,12,11,53,47
506,24,199,67,1,32,15,85
507,24,175,18,57,25,78,22
508,24,113,53,16,31,78,22
509,24,204,73,27,0,91,9
510,24,245,57,28,15,61,39
511,24,253,12,14,74,81,19
512,24,251,38,59,3,5,95
513,24,259,62,32,6,56,44
514,24,180,83,4,13,56,44
515,24,113,45,52,3,62,38
516,24,194,2,95,3,18,82
517,24,280,1,93,6,75,25
518,24,275,50,32,18,72,28
519,24,120,8,4,88,72,28
520,24,191,55,36,9,4,96
521,24,255,1,75,24,49,51
522,24,104,20,70,10,10,90
523,24,288,21,3,76,22,78
524,24,236,40,25,35,63,37
525,25,228,29,27,44,97,3
526,25,216,67,10,23,94,6
527,25,242,30,10,60,31,69
528,25,285,45,38,17,36,64
529,25,193,33,48,19,69,31
530,25,288,16,66,18,52,48
531,25,276,61,37,2,97,3
532,25,174,18,80,2,84,16
533,25,213,12,85,3,38,62
534,25,195,3,66,31,60,40
535,25,171,51,40,9,46,54
536,25,129,10,85,5,20,80
537,25,213,18,46,36,44,56
538,25,181,29,45,26,84,16
539,25,142,33,41,26,95,5
540,25,291,16,14,70,51,49
541,25,212,27,14,59,22,78
542,25,262,40,46,14,32,68
543,25,127,2,26,72,80,20
544,25,108,12,58,30,83,17
545,25,238,53,42,5,20,80
546,26,200,18,37,45,55,45
547,26,140,71,11,18,58,42
548,26,287,31,0,69,32,68
549,26,161,25,1,74,17,83
550,26,237,73,20,7,95,5
551,26,229,44,7,49,55,45
552,26,281,29,55,16,93,7
553,26,216,76,21,3,46,54
554,26,253,89,8,3,75,25
555,26,276,10,39,51,40,60
556,26,276,7,77,16,35,65
557,26,198,21,35,44,4,96
558,26,155,45,17,38,3,97
559,26,241,51,24,25,49,51
560,26,275,62,29,9,66,34
561,26,242,25,66,9,46,54
562,26,119,21,21,58,41,59
563,26,285,15,75,10,82,18
564,26,256,26,68,6,92,8
565,26,201,11,36,53,31,69
566,26,185,8,8,84,68,32
567,27,135,50,14,36,56,44
568,27,261,31,61,8,94,6
569,27,296,22,1,77,84,16
570,27,151,32,5,63,50,50
571,27,167,45,49,6,38,62
572,27,227,19,71,10,25,75
573,27,207,24,67,9,73,27
574,27,234,44,43,13,34,66
575,27,120,1,22,77,30,70
576,27,286,13,8,79,43,57
577,27,275,78,11,11,67,33
578,27,119,23,6,71,45,55
579,27,286,71,6,23,90,10
580,27,293,5,50,45,48,52
581,27,278,30,54,16,78,22
582,27,120,66,17,17,40,60
583,27,163,1,24,75,64,36
584,27,289,33,40,27,21,79
585,27,255,81,18,1,55,45
586,27,178,43,42,15,58,42
587,27,200,83,13,4,58,42
588,28,111,11,21,68,67,33
589,28,286,10,52,38,24,76
590,28,139,6,25,69,40,60
591,28,262,55,36,9,88,12
592,28,132,82,13,5,19,81
593,28,174,36,0,64,26,74
594,28,288,13,86,1,81,19
595,28,143,24,54,22,24,76
596,28,259,54,16,30,27,73
597,28,240,3,86,11,52,48
598,28,124,39,37,24,3,97
599,28,268,39,26,35,88,12
600,28,112,10,64,26,60,40
601,28,129,43,50,7,71,29
602,28,278,52,30,18,69,31
603,28,294,4,0,96,39,61
604,28,260,36,44,20,81,19
605,28,111,5,63,32,53,47
606,28,144,9,0,91,67,33
607,28,147,2,56,42,94,6
608,28,265,34,1,65,45,55
609,29,234,44,29,27,6,94
610,29,231,4,93,3,35,65
611,29,201,91,7,2,49,51
612,29,116,22,66,12,58,42
613,29,235,76,11,13,10,90
614,29,209,56,0,44,67,33
615,29,175,49,18,33,3,97
616,29,212,21,23,56,17,83
617,29,201,85,15,0,27,73
618,29,163,69,16,15,47,53
619,29,147,82,11,7,53,47
620,29,260,14,62,24,48,52
621,29,165,26,8,66,18,82
622,29,147,51,7,42,37,63
623,29,116,50,50,0,55,45
624,29,162,58,8,34,28,72
625,29,258,9,72,19,55,45
626,29,287,3,31,66,94,6
627,29,187,10,83,7,92,8
628,29,282,7,27,66,52,48
629,29,131,13,41,46,99,1
630,30,197,50,33,17,25,75
631,30,297,40,7,53,83,17
632,30,273,74,1,25,83,17
633,30,177,4,16,80,87,13
634,30,152,23,63,14,8,92
635,30,140,12,24,64,72,28
636,30,136,96,0,4,28,72
637,30,129,55,27,18,3,97
638,30,209,33,41,26,19,81
639,30,151,55,14,31,5,95
640,30,244,31,47,22,15,85
641,30,132,42,42,16,67,33
642,30,262,48,18,34,27,73
643,30,173,76,10,14,79,21
644,30,131,28,47,25,81,19
645,30,122,24,19,57,22,78
646,30,229,26,71,3,90,10
647,30,276,65,2,33,35,65
648,30,258,84,8,8,14,86
649,30,238,3,52,45,43,57
650,30,200,1,68,31,49,51
651,31,276,24,34,42,11,89
652,31,267,4,6,90,92,8
653,31,298,75,8,17,49,51
654,31,169,16,24,60,8,92
655,31,123,23,74,3,42,58
656,31,146,48,44,8,95,5
657,31,222,50,2,48,3,97
658,31,226,35,27,38,80,20
659,31,287,1,98,1,60,40
660,31,112,33,16,51,95,5
661,31,117,6,71,23,33,67
662,31,212,28,20,52,85,15
663,31,137,9,36,55,73,27
664,31,173,5,23,72,33,67
665,31,101,55,11,34,52,48
666,31,164,95,4,1,94,6
667,31,172,23,25,52,14,86
668,31,114,54,7,39,93,7
669,31,281,17,56,27,93,7
670,31,188,18,81,1,49,51
671,31,114,93,0,7,65,35
672,32,263,23,23,54,77,23
673,32,216,42,57,1,91,9
674,32,110,22,55,23,20,80
675,32,199,11,37,52,0,100
676,32,199,76,10,14,81,19
677,32,153,13,55,32,20,80
678,32,133,12,78,10,46,54
679,32,231,47,45,8,75,25
680,32,108,31,23,46,32,68
681,32,134,31,60,9,19,81
682,32,142,53,40,7,16,84
683,32,175,6,71,23,42,58
684,32,198,64,14,22,87,13
685,32,155,46,20,34,81,19
686,32,223,20,16,64,57,43
687,32,245,29,11,60,3,97
688,32,203,9,14,77,37,63
689,32,228,10,80,10,68,32
690,32,234,56,0,44,92,8
691,32,135,9,70,21,56,44
692,32,163,10,85,5,57,43
693,33,120,48,43,9,93,7
694,33,203,39,4,57,6,94
695,33,262,12,24,64,79,21
696,33,251,30,66,4,4,96
697,33,172,21,54,25,89,11
698,33,119,6,56,38,8,92
699,33,238,24,5,71,94,6
700,33,152,86,1,13,49,51
701,33,127,13,23,64,17,83
702,33,271,49,25,26,30,70
703,33,269,22,63,15,84,16
704,33,173,11,12,77,42,58
705,33,225,34,14,52,73,27
706,33,164,27,72,1,56,44
707,33,279,91,2,7,24,76
708,33,295,23,40,37,12,88
709,33,175,74,9,17,62,38
710,33,246,16,34,50,73,27
711,33,274,44,6,50,35,65
712,33,161,40,41,19,82,18
713,33,221,19,39,42,54,46
714,34,181,8,77,15,63,37
715,34,138,16,6,78,72,28
716,34,130,5,44,51,62,38
717,34,250,6,2,92,17,83
718,34,131,15,55,30,24,76
719,34,257,32,33,35,19,81
720,34,271,14,37,49,13,87
721,34,104,12,29,59,46,54
722,34,107,6,93,1,48,52
723,34,153,51,38,11,39,61
724,34,294,77,3,20,88,12
725,34,158,35,62,3,30,70
726,34,231,36,24,40,56,44
727,34,151,27,9,64,77,23
728,34,254,47,33,20,23,77
729,34,293,83,7,10,30,70
730,34,100,18,75,7,55,45
731,34,102,8,59,33,57,43
732,34,162,49,41,10,90,10
733,34,191,17,81,2,77,23
734,34,116,36,30,34,11,89
735,35,117,83,9,8,35,65
736,35,186,27,72,1,57,43
737,35,190,7,28,65,97,3
738,35,139,1,79,20,90,10
739,35,205,9,55,36,9,91
740,35,161,24,55,21,45,55
741,35,296,27,31,42,87,13
742,35,201,43,33,24,19,81
743,35,116,18,16,66,32,68
744,35,293,0,47,53,37,63
745,35,171,12,34,54,15,85
746,35,177,33,54,13,42,58
747,35,214,43,34,23,73,27
748,35,281,48,17,35,90,10
749,35,220,43,24,33,67,33
750,35,284,14,54,32,71,29
751,35,266,6,44,50,15,85
752,35,268,67,23,10,81,19
753,35,152,58,7,35,48,52
754,35,272,25,33,42,62,38
755,35,128,21,55,24,60,40
756,36,152,27,56,17,13,87
757,36,275,49,13,38,49,51
758,36,288,26,38,36,69,31
759,36,226,3,49,48,100,0
760,36,242,44,11,45,97,3
761,36,262,12,64,24,13,87
762,36,141,65,13,22,75,25
763,36,285,1,60,39,87,13
764,36,250,57,13,30,76,24
765,36,183,59,27,14,8,92
766,36,240,7,6,87,91,9
767,36,176,18,22,60,38,62
768,36,101,37,60,3,64,36
769,36,288,37,42,21,3,97
770,36,173,31,49,20,81,19
771,36,100,5,66,29,44,56
772,36,264,12,78,10,93,7
773,36,211,16,64,20,24,76
774,36,106,26,31,43,33,67
775,36,154,5,50,45,3,97
776,36,155,37,16,47,17,83
777,37,114,24,34,42,19,81
778,37,271,36,1,63,91,9
779,37,198,32,19,49,18,82
780,37,217,20,22,58,94,6
781,37,161,13,61,26,48,52
782,37,234,10,45,45,71,29
783,37,203,35,65,0,14,86
784,37,139,6,32,62,64,36
785,37,132,4,93,3,74,26
786,37,149,31,2,67,96,4
787,37,280,22,55,23,25,75
788,37,256,66,22,12,17,83
789,37,175,38,35,27,17,83
790,37,241,16,37,47,11,89
791,37,129,16,37,47,34,66
792,37,252,5,85,10,96,4
793,37,271,47,47,6,77,23
794,37,149,32,14,54,37,63
795,37,273,85,10,5,5,95
796,37,274,10,30,60,9,91
797,37,171,51,38,11,20,80
798,38,234,49,22,29,25,75
799,38,159,31,8,61,99,1
800,38,259,9,52,39,89,11
801,38,146,4,84,12,51,49
802,38,179,56,19,25,69,31
803,38,219,51,37,12,62,38
804,38,148,31,59,10,39,61
805,38,252,6,48,46,80,20
806,38,134,10,76,14,3,97
807,38,194,26,5,69,34,66
808,38,212,2,28,70,85,15
809,38,217,2,58,40,99,1
810,38,188,63,16,21,79,21
811,38,225,3,5,92,79,21
812,38,134,22,54,24,35,65
813,38,264,1,43,56,46,54
814,38,141,11,66,23,41,59
815,38,130,61,1,38,22,78
816,38,122,5,61,34,9,91
817,38,123,61,36,3,29,71
818,38,162,73,20,7,78,22
819,39,102,50,42,8,83,17
820,39,201,43,6,51,59,41
821,39,187,88,8,4,89,11
822,39,151,78,14,8,89,11
823,39,199,30,50,20,46,54
824,39,147,5,74,21,86,14
825,39,168,43,51,6,15,85
826,39,185,22,5,73,94,6
827,39,152,4,25,71,69,31
828,39,194,39,61,0,90,10
829,39,121,3,59,38,14,86
830,39,106,69,26,5,50,50
831,39,131,32,47,21,69,31
832,39,227,53,45,2,97,3
833,39,144,48,2,50,32,68
834,39,260,0,68,32,26,74
835,39,297,41,17,42,84,16
836,39,258,9,89,2,32,68
837,39,130,30,16,54,30,70
838,39,275,0,36,64,83,17
839,39,170,42,31,27,59,41
840,40,122,81,5,14,65,35
841,40,163,47,7,46,45,55
842,40,279,2,78,20,22,78
843,40,234,53,38,9,26,74
844,40,137,46,37,17,45,55
845,40,170,8,3,89,44,56
846,40,196,22,3,75,49,51
847,40,132,0,82,18,91,9
848,40,198,5,37,58,2,98
849,40,196,27,35,38,15,85
850,40,123,49,32,19,26,74
851,40,223,5,66,29,66,34
852,40,295,24,25,51,57,43
853,40,123,63,4,33,36,64
854,40,179,50,5,45,50,50
855,40,239,41,28,31,74,26
856,40,121,29,0,71,11,89
857,40,274,84,2,14,29,71
858,40,142,19,60,21,32,68
859,40,215,3,78,19,4,96
860,40,249,27,43,30,11,89
861,41,191,72,11,17,4,96
862,41,115,60,6,34,32,68
863,41,114,1,34,65,50,50
864,41,257,7,91,2,38,62
865,41,266,19,3,78,5,95
866,41,260,35,48,17,3,97
867,41,175,16,37,47,65,35
868,41,131,33,21,46,54,46
869,41,205,17,56,27,16,84
870,41,208,48,1,51,38,62
871,41,257,16,83,1,87,13
872,41,174,49,20,31,34,66
873,41,288,16,9,75,90,10
874,41,168,39,21,40,82,18
875,41,117,62,18,20,53,47
876,41,130,22,53,25,99,1
877,41,123,4,33,63,1,99
878,41,116,44,1,55,43,57
879,41,162,34,44,22,51,49
880,41,262,7,78,15,89,11
881,41,145,72,20,8,10,90
882,42,287,34,58,8,53,47
883,42,169,45,53,2,11,89
884,42,142,85,2,13,11,89
885,42,274,55,42,3,19,81
886,42,263,85,15,0,35,65
887,42,148,77,16,7,53,47
888,42,224,3,78,19,60,40
889,42,164,5,76,19,80,20
890,42,166,60,34,6,92,8
891,42,166,9,23,68,7,93
892,42,264,9,15,76,66,34
893,42,240,58,31,11,80,20
894,42,161,12,65,23,28,72
895,42,223,37,62,1,73,27
896,42,174,54,14,32,69,31
897,42,287,8,74,18,12,88
898,42,118,8,53,39,11,89
899,42,195,68,30,2,40,60
900,42,189,82,13,5,1,99
901,42,143,8,74,18,26,74
902,42,262,13,36,51,7,93
903,43,141,31,60,9,50,50
904,43,102,31,2,67,69,31
905,43,102,37,12,51,8,92
906,43,264,22,67,11,8,92
907,43,279,36,42,22,54,46
908,43,299,28,12,60,78,22
909,43,206,41,2,57,10,90
910,43,207,15,47,38,56,44
911,43,189,33,16,51,67,33
912,43,299,11,28,61,4,96
913,43,254,22,4,74,42,58
914,43,139,79,19,2,78,22
915,43,217,67,1,32,99,1
916,43,112,61,3,36,15,85
917,43,176,82,12,6,16,84
918,43,211,38,54,8,69,31
919,43,248,7,68,25,48,52
920,43,110,6,24,70,82,18
921,43,154,5,46,49,97,3
922,43,161,22,8,70,70,30
923,43,172,22,25,53,28,72
924,44,182,25,55,20,94,6
925,44,167,27,73,0,4,96
926,44,263,17,75,8,57,43
927,44,119,5,91,4,95,5
928,44,247,33,16,51,36,64
929,44,278,74,18,8,78,22
930,44,158,50,10,40,100,0
931,44,239,17,52,31,67,33
932,44,241,12,2,86,94,6
933,44,271,5,6,89,68,32
934,44,146,41,15,44,55,45
935,44,146,23,17,60,24,76
936,44,161,74,7,19,48,52
937,44,224,0,88,12,14,86
938,44,263,11,67,22,34,66
939,44,151,85,8,7,51,49
940,44,291,39,16,45,40,60
941,44,132,29,29,42,38,62
942,44,164,26,38,36,43,57
943,44,297,10,7,83,0,100
944,44,119,55,6,39,66,34
945,45,262,92,8,0,64,36
946,45,123,64,11,25,82,18
947,45,192,11,11,78,71,29
948,45,115,22,41,37,33,67
949,45,184,22,28,50,29,71
950,45,119,2,54,44,100,0
951,45,212,26,22,52,8,92
952,45,135,29,60,11,0,100
953,45,160,12,85,3,34,66
954,45,139,90,8,2,29,71
955,45,205,17,54,29,9,91
956,45,219,42,0,58,62,38
957,45,215,36,60,4,21,79
958,45,268,30,63,7,83,17
959,45,235,1,27,72,6,94
960,45,147,23,9,68,7,93
961,45,153,78,6,16,46,54
962,45,225,21,51,28,76,24
963,45,147,75,19,6,69,31
964,45,211,10,85,5,50,50
965,45,166,33,48,19,30,70
966,46,243,9,39,52,93,7
967,46,266,56,18,26,62,38
968,46,234,66,7,27,22,78
969,46,159,17,22,61,96,4
970,46,201,24,26,50,31,69
971,46,180,59,5,36,15,85
972,46,289,10,62,28,79,21
973,46,243,60,17,23,93,7
974,46,210,37,44,19,37,63
975,46,225,31,53,16,29,71
976,46,155,55,38,7,23,77
977,46,217,34,13,53,16,84
978,46,239,34,28,38,15,85
979,46,289,10,70,20,42,58
980,46,196,13,36,51,46,54
981,46,239,62,1,37,7,93
982,46,144,50,8,42,80,20
983,46,163,64,11,25,78,22
984,46,172,5,47,48,18,82
985,46,177,28,60,12,15,85
986,46,205,12,43,45,52,48
987,47,129,4,25,71,13,87
988,47,104,6,19,75,32,68
989,47,283,30,51,19,9,91
990,47,247,17,75,8,79,21
991,47,255,12,41,47,25,75
992,47,159,85,15,0,75,25
993,47,167,43,6,51,44,56
994,47,134,3,62,35,16,84
995,47,168,7,73,20,11,89
996,47,282,63,0,37,44,56
997,47,122,20,77,3,84,16
998,47,126,46,25,29,61,39
999,47,157,22,27,51,71,29
1000,47,263,30,53,17,62,38
1001,47,140,86,7,7,8,92
1002,47,176,75,0,25,54,46
1003,47,202,88,8,4,30,70
1004,47,261,42,58,0,81,19
1005,47,159,47,45,8,47,53
1006,47,199,63,11,26,59,41
1007,47,211,22,46,32,15,85
1008,48,195,13,32,55,22,78
1009,48,171,47,17,36,15,85
1010,48,116,44,51,5,61,39
1011,48,132,21,23,56,71,29
1012,48,152,4,18,78,22,78
1013,48,273,63,12,25,41,59
1014,48,277,5,57,38,24,76
1015,48,230,71,10,19,53,47
1016,48,170,23,58,19,82,18
1017,48,210,9,51,40,15,85
1018,48,106,50,47,3,20,80
1019,48,279,8,28,64,80,20
1020,48,260,62,1,37,66,34
1021,48,129,3,50,47,100,0
1022,48,290,10,1,89,97,3
1023,48,293,13,51,36,27,73
1024,48,284,16,72,12,82,18
1025,48,290,3,21,76,51,49
1026,48,116,43,41,16,19,81
1027,48,293,17,3,80,92,8
1028,48,232,41,34,25,34,66
1029,49,248,56,15,29,96,4
1030,49,226,13,9,78,73,27
1031,49,294,31,43,26,43,57
1032,49,178,50,32,18,52,48
1033,49,160,54,43,3,100,0
1034,49,102,6,71,23,98,2
1035,49,293,49,20,31,52,48
1036,49,238,29,56,15,5,95
1037,49,209,6,75,19,81,19
1038,49,210,20,25,55,44,56
1039,49,187,54,0,46,83,17
1040,49,180,50,45,5,15,85
1041,49,107,22,4,74,22,78
1042,49,235,13,65,22,95,5
1043,49,177,38,45,17,70,30
1044,49,162,42,2,56,20,80
1045,49,115,19,3,78,2,98
1046,49,294,27,11,62,21,79
1047,49,148,0,82,18,47,53
1048,49,184,1,71,28,18,82
1049,49,159,26,8,66,88,12
1050,50,147,53,29,18,15,85
1051,50,160,49,17,34,10,90
1052,50,220,40,15,45,41,59
1053,50,297,60,11,29,81,19
1054,50,194,19,57,24,2,98
1055,50,134,18,59,23,40,60
1056,50,134,17,35,48,84,16
1057,50,224,58,20,22,3,97
1058,50,194,25,19,56,68,32
1059,50,259,2,36,62,76,24
1060,50,163,39,31,30,75,25
1061,50,128,61,10,29,68,32
1062,50,223,26,4,70,52,48
1063,50,152,15,11,74,98,2
1064,50,260,30,34,36,40,60
1065,50,239,5,49,46,27,73
1066,50,245,45,46,9,7,93
1067,50,184,81,9,10,77,23
1068,50,139,6,77,17,37,63
1069,50,231,19,68,13,32,68
1070,50,192,7,39,54,64,36
1071,51,184,43,51,6,65,35
1072,51,209,27,12,61,58,42
1073,51,271,76,15,9,25,75
1074,51,236,10,69,21,29,71
1075,51,197,1,32,67,39,61
1076,51,164,45,25,30,37,63
1077,51,189,57,9,34,40,60
1078,51,133,24,38,38,47,53
1079,51,113,40,0,60,16,84
1080,51,238,71,25,4,1,99
1081,51,285,75,7,18,36,64
1082,51,133,67,27,6,2,98
1083,51,292,83,17,0,89,11
1084,51,186,7,30,63,70,30
1085,51,170,18,50,32,60,40
1086,51,176,51,18,31,71,29
1087,51,275,59,12,29,10,90
1088,51,162,42,37,21,15,85
1089,51,196,24,17,59,69,31
1090,51,206,46,29,25,17,83
1091,51,134,7,35,58,48,52
1092,52,292,45,20,35,49,51
1093,52,224,24,52,24,29,71
1094,52,254,17,18,65,29,71
1095,52,139,54,10,36,73,27
1096,52,122,50,24,26,71,29
1097,52,260,84,3,13,64,36
1098,52,295,16,62,22,61,39
1099,52,181,77,15,8,54,46
1100,52,244,31,66,3,94,6
1101,52,253,65,6,29,3,97
1102,52,272,28,56,16,40,60
1103,52,281,23,43,34,100,0
1104,52,265,7,32,61,64,36
1105,52,201,45,14,41,92,8
1106,52,177,6,56,38,12,88
1107,52,223,26,50,24,87,13
1108,52,271,24,37,39,17,83
1109,52,105,38,14,48,8,92
1110,52,190,68,25,7,23,77
1111,52,130,23,18,59,6,94
1112,52,206,41,9,50,14,86
1113,53,204,18,44,38,43,57
1114,53,271,73,3,24,85,15
1115,53,129,86,4,10,70,30
1116,53,264,53,29,18,32,68
1117,53,197,46,14,40,92,8
1118,53,151,58,3,39,12,88
1119,53,117,77,23,0,38,62
1120,53,169,16,43,41,43,57
1121,53,177,29,55,16,41,59
1122,53,295,7,59,34,68,32
1123,53,101,1,55,44,33,67
1124,53,175,25,27,48,64,36
1125,53,259,42,48,10,18,82
1126,53,189,19,62,19,36,64
1127,53,279,24,46,30,52,48
1128,53,142,15,15,70,39,61
1129,53,194,13,52,35,9,91
1130,53,297,8,81,11,3,97
1131,53,121,25,30,45,40,60
1132,53,190,56,36,8,61,39
1133,53,221,62,11,27,73,27
1134,54,297,6,67,27,34,66
1135,54,231,11,59,30,69,31
1136,54,180,12,31,57,61,39
1137,54,195,58,15,27,97,3
1138,54,266,10,83,7,41,59
1139,54,291,19,74,7,95,5
1140,54,153,5,20,75,63,37
1141,54,260,57,31,12,16,84
1142,54,230,57,4,39,10,90
1143,54,173,20,12,68,86,14
1144,54,276,0,73,27,37,63
1145,54,256,37,10,53,8,92
1146,54,129,38,33,29,12,88
1147,54,157,23,9,68,50,50
1148,54,285,64,33,3,9,91
1149,54,195,11,56,33,2,98
1150,54,157,47,12,41,66,34
1151,54,237,49,51,0,21,79
1152,54,168,50,27,23,25,75
1153,54,188,31,5,64,76,24
1154,54,295,16,3,81,79,21
1155,55,227,6,37,57,11,89
1156,55,211,30,48,22,42,58
1157,55,183,79,17,4,80,20
1158,55,233,32,66,2,34,66
1159,55,196,40,39,21,58,42
1160,55,190,8,81,11,54,46
1161,55,249,15,83,2,3,97
1162,55,170,14,17,69,21,79
1163,55,244,17,4,79,28,72
1164,55,271,31,16,53,82,18
1165,55,259,26,38,36,89,11
1166,55,209,24,12,64,31,69
1167,55,226,50,29,21,60,40
1168,55,264,88,2,10,90,10
1169,55,138,29,23,48,98,2
1170,55,198,4,35,61,91,9
1171,55,241,52,37,11,44,56
1172,55,188,44,14,42,38,62
1173,55,108,55,44,1,93,7
1174,55,129,37,40,23,64,36
1175,55,164,83,3,14,75,25
1176,56,176,10,80,10,73,27
1177,56,266,73,21,6,53,47
1178,56,120,60,5,35,90,10
1179,56,244,80,18,2,78,22
1180,56,208,29,28,43,71,29
1181,56,121,19,80,1,2,98
1182,56,166,10,79,11,91,9
1183,56,184,41,59,0,47,53
1184,56,125,8,31,61,97,3
1185,56,227,20,70,10,61,39
1186,56,246,39,48,13,64,36
1187,56,105,41,16,43,24,76
1188,56,170,21,53,26,32,68
1189,56,121,50,48,2,23,77
1190,56,226,3,65,32,77,23
1191,56,168,67,17,16,23,77
1192,56,259,23,3,74,71,29
1193,56,220,22,45,33,87,13
1194,56,206,31,56,13,28,72
1195,56,275,44,37,19,15,85
1196,56,175,5,75,20,23,77
1197,57,144,9,55,36,92,8
1198,57,140,70,8,22,99,1
1199,57,268,59,40,1,34,66
1200,57,198,19,15,66,9,91
1201,57,243,32,18,50,17,83
1202,57,194,19,66,15,65,35
1203,57,144,16,22,62,87,13
1204,57,247,63,30,7,57,43
1205,57,123,15,44,41,40,60
1206,57,207,19,69,12,89,11
1207,57,247,14,72,14,6,94
1208,57,281,16,79,5,16,84
1209,57,112,61,8,31,83,17
1210,57,132,46,15,39,86,14
1211,57,285,24,1,75,28,72
1212,57,298,15,14,71,86,14
1213,57,284,8,21,71,100,0
1214,57,168,35,35,30,70,30
1215,57,266,35,3,62,57,43
1216,57,102,55,18,27,52,48
1217,57,108,0,46,54,97,3
1218,58,218,32,7,61,31,69
1219,58,122,50,23,27,8,92
1220,58,249,30,7,63,78,22
1221,58,127,19,7,74,17,83
1222,58,121,6,16,78,30,70
1223,58,111,75,23,2,92,8
1224,58,268,0,85,15,7,93
1225,58,123,57,0,43,41,59
1226,58,159,2,60,38,74,26
1227,58,113,72,0,28,60,40
1228,58,237,17,71,12,11,89
1229,58,289,30,26,44,38,62
1230,58,187,33,57,10,29,71
1231,58,101,42,25,33,70,30
1232,58,179,39,58,3,47,53
1233,58,213,48,52,0,84,16
1234,58,190,12,14,74,55,45
1235,58,210,74,22,4,85,15
1236,58,130,15,45,40,37,63
1237,58,108,30,46,24,3,97
1238,58,267,3,68,29,32,68
1239,59,279,16,21,63,37,63
1240,59,114,58,30,12,83,17
1241,59,267,28,59,13,60,40
1242,59,255,1,27,72,51,49
1243,59,178,28,13,59,84,16
1244,59,263,5,93,2,73,27
1245,59,275,90,6,4,34,66
1246,59,149,33,50,17,86,14
1247,59,138,14,48,38,23,77
1248,59,241,64,26,10,3,97
1249,59,232,24,38,38,61,39
1250,59,162,73,7,20,34,66
1251,59,113,24,20,56,12,88
1252,59,184,47,40,13,94,6
1253,59,207,14,3,83,70,30
1254,59,261,28,48,24,88,12
1255,59,264,16,20,64,12,88
1256,59,245,52,46,2,98,2
1257,59,103,60,9,31,34,66
1258,59,125,44,1,55,17,83
1259,59,173,49,15,36,40,60
1260,60,128,2,52,46,50,50
1261,60,287,4,54,42,99,1
1262,60,181,10,40,50,57,43
1263,60,129,27,60,13,92,8
1264,60,276,8,50,42,79,21
1265,60,285,47,49,4,46,54
1266,60,184,35,45,20,49,51
1267,60,140,41,52,7,94,6
1268,60,233,82,16,2,62,38
1269,60,232,60,28,12,91,9
1270,60,231,16,29,55,22,78
1271,60,107,19,70,11,14,86
1272,60,131,4,0,96,42,58
1273,60,144,93,4,3,87,13
1274,60,261,63,23,14,2,98
1275,60,118,89,1,10,46,54
1276,60,216,3,64,33,53,47
1277,60,118,13,52,35,13,87
1278,60,177,55,1,44,39,61
1279,60,117,20,67,13,18,82
1280,60,100,53,6,41,98,2
1281,61,215,32,30,38,30,70
1282,61,147,52,27,21,33,67
1283,61,125,63,11,26,81,19
1284,61,217,9,72,19,22,78
1285,61,220,50,9,41,44,56
1286,61,175,10,67,23,81,19
1287,61,250,2,44,54,27,73
1288,61,209,19,18,63,16,84
1289,61,181,43,14,43,57,43
1290,61,102,21,38,41,5,95
1291,61,148,21,79,0,29,71
1292,61,246,2,20,78,49,51
1293,61,197,88,3,9,22,78
1294,61,137,29,14,57,14,86
1295,61,278,75,1,24,85,15
1296,61,225,35,51,14,21,79
1297,61,170,58,1,41,13,87
1298,61,299,18,11,71,82,18
1299,61,212,84,8,8,63,37
1300,61,194,34,25,41,36,64
1301,61,267,25,75,0,54,46
1302,62,122,75,0,25,87,13
1303,62,120,2,33,65,99,1
1304,62,297,22,17,61,77,23
1305,62,165,17,27,56,87,13
1306,62,246,9,62,29,2,98
1307,62,221,35,35,30,35,65
1308,62,143,27,50,23,32,68
1309,62,229,14,67,19,69,31
1310,62,265,6,60,34,94,6
1311,62,181,89,6,5,47,53
1312,62,238,10,5,85,95,5
1313,62,175,16,6,78,68,32
1314,62,117,26,68,6,73,27
1315,62,232,8,33,59,78,22
1316,62,182,23,69,8,63,37
1317,62,187,4,60,36,38,62
1318,62,147,76,20,4,40,60
1319,62,132,68,9,23,55,45
1320,62,145,13,13,74,19,81
1321,62,132,73,10,17,9,91
1322,62,255,87,11,2,47,53
1323,63,236,16,55,29,88,12
1324,63,136,19,41,40,67,33
1325,63,106,8,80,12,27,73
1326,63,119,75,7,18,71,29
1327,63,163,8,77,15,10,90
1328,63,216,47,16,37,7,93
1329,63,292,62,14,24,77,23
1330,63,250,53,41,6,51,49
1331,63,237,35,55,10,88,12
1332,63,219,28,40,32,90,10
1333,63,160,30,12,58,59,41
1334,63,212,31,43,26,56,44
1335,63,176,29,60,11,74,26
1336,63,217,36,36,28,33,67
1337,63,262,77,15,8,54,46
1338,63,132,36,38,26,56,44
1339,63,200,8,7,85,91,9
1340,63,291,12,23,65,19,81
1341,63,292,66,5,29,59,41
1342,63,299,58,5,37,73,27
1343,63,171,8,33,59,82,18
1344,64,178,33,36,31,51,49
1345,64,226,39,40,21,1,99
1346,64,241,53,45,2,51,49
1347,64,288,49,28,23,46,54
1348,64,105,67,30,3,50,50
1349,64,258,63,3,34,52,48
1350,64,177,38,49,13,52,48
1351,64,296,26,19,55,72,28
1352,64,174,0,91,9,90,10
1353,64,254,30,67,3,24,76
1354,64,203,36,37,27,59,41
1355,64,165,44,32,24,6,94
1356,64,229,44,23,33,66,34
1357,64,256,45,26,29,91,9
1358,64,238,24,45,31,61,39
1359,64,178,31,22,47,62,38
1360,64,273,20,32,48,37,63
1361,64,118,28,29,43,48,52
1362,64,264,10,77,13,49,51
1363,64,295,50,14,36,29,71
1364,64,267,7,53,40,41,59
1365,65,107,19,30,51,48,52
1366,65,227,13,9,78,10,90
1367,65,207,50,23,27,9,91
1368,65,119,26,0,74,25,75
1369,65,289,19,29,52,90,10
1370,65,273,2,54,44,87,13
1371,65,263,80,10,10,98,2
1372,65,159,76,15,9,72,28
1373,65,271,0,55,45,34,66
1374,65,256,28,37,35,24,76
1375,65,201,67,29,4,77,23
1376,65,279,41,49,10,48,52
1377,65,187,44,46,10,88,12
1378,65,101,64,29,7,84,16
1379,65,183,80,15,5,78,22
1380,65,230,78,13,9,60,40
1381,65,166,26,56,18,98,2
1382,65,153,21,75,4,57,43
1383,65,294,30,38,32,61,39
1384,65,233,48,12,40,27,73
1385,65,102,17,75,8,8,92
1386,66,286,20,59,21,8,92
1387,66,186,42,19,39,75,25
1388,66,145,4,87,9,52,48
1389,66,221,46,35,19,41,59
1390,66,151,57,13,30,57,43
1391,66,238,44,35,21,15,85
1392,66,167,46,12,42,63,37
1393,66,249,34,29,37,70,30
1394,66,151,65,35,0,58,42
1395,66,167,4,95,1,32,68
1396,66,123,12,77,11,58,42
1397,66,229,9,27,64,18,82
1398,66,135,26,6,68,2,98
1399,66,238,49,23,28,89,11
1400,66,273,63,35,2,97,3
1401,66,202,93,2,5,61,39
1402,66,196,10,32,58,21,79
1403,66,282,0,44,56,12,88
1404,66,285,46,37,17,94,6
1405,66,101,4,30,66,30,70
1406,66,165,22,71,7,63,37
1407,67,134,2,32,66,28,72
1408,67,166,16,8,76,38,62
1409,67,217,15,52,33,9,91
1410,67,245,55,15,30,36,64
1411,67,107,25,16,59,25,75
1412,67,115,31,40,29,72,28
1413,67,110,22,7,71,42,58
1414,67,183,28,55,17,69,31
1415,67,175,34,33,33,20,80
1416,67,231,45,3,52,100,0
1417,67,287,38,42,20,83,17
1418,67,169,1,24,75,19,81
1419,67,210,69,25,6,76,24
1420,67,141,51,30,19,25,75
1421,67,247,6,5,89,46,54
1422,67,215,15,78,7,14,86
1423,67,126,25,50,25,25,75
1424,67,219,37,2,61,87,13
1425,67,289,34,59,7,71,29
1426,67,191,12,53,35,33,67
1427,67,163,65,16,19,49,51
1428,68,253,47,41,12,5,95
1429,68,229,11,21,68,49,51
1430,68,240,34,55,11,31,69
1431,68,212,24,74,2,84,16
1432,68,176,62,38,0,74,26
1433,68,258,29,56,15,64,36
1434,68,210,76,4,20,45,55
1435,68,256,40,3,57,75,25
1436,68,295,62,21,17,49,51
1437,68,204,3,52,45,63,37
1438,68,247,50,10,40,5,95
1439,68,181,12,81,7,45,55
1440,68,116,0,66,34,98,2
1441,68,223,64,8,28,23,77
1442,68,288,11,21,68,54,46
1443,68,108,19,2,79,63,37
1444,68,247,64,5,31,85,15
1445,68,122,37,4,59,72,28
1446,68,111,32,35,33,27,73
1447,68,129,5,16,79,14,86
1448,68,245,20,56,24,74,26
1449,69,255,32,40,28,59,41
1450,69,293,36,21,43,83,17
1451,69,271,80,20,0,69,31
1452,69,275,78,19,3,92,8
1453,69,107,70,4,26,34,66
1454,69,183,21,79,0,59,41
1455,69,217,62,0,38,22,78
1456,69,143,45,31,24,5,95
1457,69,135,91,7,2,37,63
1458,69,173,61,25,14,91,9
1459,69,112,25,35,40,68,32
1460,69,109,8,80,12,20,80
1461,69,298,23,20,57,23,77
1462,69,259,21,26,53,38,62
1463,69,145,22,74,4,75,25
1464,69,234,31,68,1,14,86
1465,69,187,64,0,36,60,40
1466,69,202,5,85,10,79,21
1467,69,188,22,36,42,33,67
1468,69,267,36,4,60,13,87
1469,69,159,3,40,57,59,41
1470,70,146,74,22,4,1,99
1471,70,247,62,26,12,34,66
1472,70,265,63,28,9,99,1
1473,70,299,35,43,22,84,16
1474,70,128,0,18,82,29,71
1475,70,131,42,42,16,2,98
1476,70,192,3,29,68,43,57
1477,70,225,20,78,2,30,70
1478,70,235,47,48,5,12,88
1479,70,143,6,27,67,89,11
1480,70,149,36,13,51,93,7
1481,70,267,17,11,72,71,29
1482,70,108,35,15,50,35,65
1483,70,284,33,42,25,20,80
1484,70,292,3,60,37,35,65
1485,70,229,33,12,55,94,6
1486,70,121,60,11,29,22,78
1487,70,181,62,35,3,99,1
1488,70,232,33,21,46,29,71
1489,70,225,43,8,49,80,20
1490,70,241,92,1,7,74,26
1491,71,117,37,9,54,70,30
1492,71,248,15,35,50,82,18
1493,71,118,5,85,10,7,93
1494,71,177,26,11,63,72,28
1495,71,183,7,34,59,93,7
1496,71,204,4,18,78,91,9
1497,71,213,53,16,31,9,91
1498,71,148,7,37,56,14,86
1499,71,172,37,10,53,86,14
1500,71,168,33,63,4,46,54
1501,71,220,20,42,38,56,44
1502,71,250,29,23,48,24,76
1503,71,239,71,14,15,50,50
1504,71,206,10,54,36,43,57
1505,71,155,17,53,30,89,11
1506,71,261,3,76,21,14,86
1507,71,290,73,19,8,78,22
1508,71,132,46,47,7,73,27
1509,71,231,22,62,16,21,79
1510,71,162,62,28,10,83,17
1511,71,285,76,7,17,56,44
1512,72,239,46,24,30,16,84
1513,72,155,21,66,13,22,78
1514,72,289,6,85,9,100,0
1515,72,181,21,17,62,80,20
1516,72,281,1,39,60,40,60
1517,72,225,45,55,0,96,4
1518,72,267,79,15,6,21,79
1519,72,195,23,33,44,100,0
1520,72,126,25,14,61,43,57
1521,72,230,17,32,51,71,29
1522,72,210,0,60,40,34,66
1523,72,139,57,36,7,60,40
1524,72,201,3,19,78,88,12
1525,72,247,18,44,38,91,9
1526,72,167,19,41,40,22,78
1527,72,260,20,43,37,45,55
1528,72,125,44,42,14,20,80
1529,72,101,43,47,10,13,87
1530,72,146,66,14,20,45,55
1531,72,198,33,27,40,42,58
1532,72,258,81,18,1,67,33
1533,73,183,2,25,73,37,63
1534,73,270,43,2,55,0,100
1535,73,236,46,14,40,80,20
1536,73,227,52,46,2,41,59
1537,73,153,71,8,21,20,80
1538,73,148,6,43,51,80,20
1539,73,256,36,52,12,97,3
1540,73,255,64,33,3,35,65
1541,73,105,37,31,32,42,58
1542,73,254,72,0,28,31,69
1543,73,167,16,16,68,69,31
1544,73,135,81,3,16,16,84
1545,73,271,22,26,52,3,97
1546,73,228,81,19,0,54,46
1547,73,114,1,52,47,55,45
1548,73,252,10,50,40,65,35
1549,73,265,9,88,3,51,49
1550,73,119,41,48,11,67,33
1551,73,125,4,30,66,89,11
1552,73,115,11,69,20,90,10
1553,73,221,28,33,39,18,82
1554,74,211,27,44,29,66,34
1555,74,159,24,14,62,84,16
1556,74,256,29,10,61,54,46
1557,74,262,45,39,16,20,80
1558,74,212,14,63,23,61,39
1559,74,221,14,47,39,16,84
1560,74,282,2,27,71,99,1
1561,74,143,62,13,25,2,98
1562,74,202,54,15,31,82,18
1563,74,179,5,14,81,16,84
1564,74,246,23,35,42,30,70
1565,74,284,16,79,5,43,57
1566,74,141,63,9,28,91,9
1567,74,244,53,41,6,65,35
1568,74,115,9,7,84,55,45
1569,74,120,42,32,26,89,11
1570,74,263,28,55,17,22,78
1571,74,249,42,39,19,81,19
1572,74,103,2,63,35,11,89
1573,74,177,48,48,4,14,86
1574,74,247,55,42,3,72,28
1575,75,159,34,32,34,68,32
1576,75,109,16,8,76,82,18
1577,75,289,32,19,49,87,13
1578,75,172,8,58,34,13,87
1579,75,281,36,28,36,5,95
1580,75,225,56,24,20,20,80
1581,75,206,52,5,43,4,96
1582,75,232,25,24,51,52,48
1583,75,213,13,8,79,22,78
1584,75,214,11,83,6,60,40
1585,75,122,50,10,40,48,52
1586,75,193,32,4,64,62,38
1587,75,229,2,35,63,68,32
1588,75,287,35,45,20,28,72
1589,75,159,23,37,40,39,61
1590,75,261,75,3,22,63,37
1591,75,124,26,30,44,32,68
1592,75,106,21,33,46,91,9
1593,75,269,1,86,13,4,96
1594,75,266,39,42,19,4,96
1595,75,124,27,8,65,61,39
1596,76,150,19,22,59,3,97
1597,76,191,50,27,23,12,88
1598,76,298,33,58,9,1,99
1599,76,100,49,50,1,9,91
1600,76,228,26,54,20,36,64
1601,76,252,2,34,64,56,44
1602,76,182,64,17,19,1,99
1603,76,249,36,26,38,40,60
1604,76,109,25,67,8,53,47
1605,76,101,63,15,22,72,28
1606,76,219,5,13,82,19,81
1607,76,240,91,5,4,90,10
1608,76,119,27,6,67,21,79
1609,76,199,24,14,62,80,20
1610,76,142,36,62,2,87,13
1611,76,233,11,4,85,82,18
1612,76,113,55,29,16,57,43
1613,76,122,91,0,9,16,84
1614,76,136,43,52,5,83,17
1615,76,152,31,47,22,2,98
1616,76,226,36,50,14,15,85
1617,77,187,66,9,25,35,65
1618,77,124,61,38,1,61,39
1619,77,192,12,39,49,74,26
1620,77,112,12,3,85,75,25
1621,77,139,29,34,37,12,88
1622,77,282,2,23,75,13,87
1623,77,179,19,16,65,82,18
1624,77,130,24,4,72,42,58
1625,77,196,42,44,14,39,61
1626,77,124,3,52,45,84,16
1627,77,108,45,19,36,73,27
1628,77,161,3,15,82,92,8
1629,77,294,7,0,93,23,77
1630,77,239,11,16,73,43,57
1631,77,124,44,50,6,32,68
1632,77,105,5,15,80,14,86
1633,77,218,14,11,75,36,64
1634,77,162,24,56,20,13,87
1635,77,170,72,8,20,6,94
1636,77,245,23,31,46,73,27
1637,77,282,46,23,31,99,1
1638,78,116,31,14,55,90,10
1639,78,207,8,52,40,87,13
1640,78,256,43,56,1,66,34
1641,78,252,59,39,2,62,38
1642,78,162,4,42,54,58,42
1643,78,240,60,25,15,63,37
1644,78,146,80,20,0,8,92
1645,78,265,46,11,43,92,8
1646,78,177,45,37,18,65,35
1647,78,133,34,26,40,77,23
1648,78,143,16,60,24,21,79
1649,78,114,50,3,47,87,13
1650,78,283,32,60,8,40,60
1651,78,151,13,65,22,14,86
1652,78,201,18,31,51,86,14
1653,78,229,51,38,11,47,53
1654,78,115,17,72,11,45,55
1655,78,213,39,54,7,54,46
1656,78,257,19,72,9,100,0
1657,78,211,20,21,59,25,75
1658,78,110,56,15,29,98,2
1659,79,161,48,37,15,10,90
1660,79,170,4,60,36,31,69
1661,79,136,34,48,18,82,18
1662,79,177,30,7,63,86,14
1663,79,239,46,25,29,87,13
1664,79,213,45,30,25,41,59
1665,79,213,25,39,36,72,28
1666,79,236,15,21,64,57,43
1667,79,260,9,66,25,25,75
1668,79,266,38,28,34,0,100
1669,79,179,15,27,58,28,72
1670,79,134,5,40,55,43,57
1671,79,292,40,22,38,20,80
1672,79,280,88,4,8,71,29
1673,79,259,22,55,23,44,56
1674,79,263,45,41,14,53,47
1675,79,259,49,3,48,98,2
1676,79,172,29,43,28,4,96
1677,79,105,51,3,46,9,91
1678,79,249,14,18,68,86,14
1679,79,117,60,5,35,14,86
1680,80,289,6,50,44,54,46
1681,80,112,4,80,16,14,86
1682,80,176,70,14,16,52,48
1683,80,107,20,32,48,88,12
1684,80,156,27,71,2,46,54
1685,80,121,6,64,30,49,51
1686,80,241,55,22,23,18,82
1687,80,258,4,5,91,65,35
1688,80,296,60,18,22,69,31
1689,80,109,2,7,91,33,67
1690,80,273,43,36,21,91,9
1691,80,289,2,41,57,57,43
1692,80,222,82,17,1,45,55
1693,80,144,45,26,29,4,96
1694,80,276,10,7,83,81,19
1695,80,182,24,5,71,83,17
1696,80,289,8,75,17,34,66
1697,80,261,39,36,25,21,79
1698,80,233,50,8,42,9,91
1699,80,226,77,8,15,44,56
1700,80,203,13,79,8,21,79
1701,81,230,27,44,29,85,15
1702,81,109,45,38,17,44,56
1703,81,285,56,21,23,2,98
1704,81,129,16,37,47,35,65
1705,81,131,2,88,10,100,0
1706,81,211,57,6,37,92,8
1707,81,111,0,27,73,1,99
1708,81,234,21,23,56,28,72
1709,81,276,76,9,15,2,98
1710,81,232,22,50,28,79,21
1711,81,196,31,54,15,26,74
1712,81,137,5,94,1,27,73
1713,81,135,12,11,77,74,26
1714,81,263,3,45,52,93,7
1715,81,122,20,79,1,93,7
1716,81,228,32,22,46,31,69
1717,81,151,48,12,40,33,67
1718,81,197,56,44,0,56,44
1719,81,181,53,32,15,0,100
1720,81,128,53,5,42,12,88
1721,81,105,56,6,38,48,52
1722,82,267,4,58,38,25,75
1723,82,264,75,17,8,9,91
1724,82,108,12,33,55,15,85
1725,82,106,14,47,39,97,3
1726,82,179,36,6,58,69,31
1727,82,178,4,92,4,23,77
1728,82,177,18,54,28,61,39
1729,82,192,80,14,6,95,5
1730,82,179,48,41,11,52,48
1731,82,208,54,36,10,56,44
1732,82,280,23,41,36,84,16
1733,82,142,9,90,1,50,50
1734,82,179,9,88,3,57,43
1735,82,246,76,2,22,91,9
1736,82,228,73,23,4,15,85
1737,82,121,5,14,81,96,4
1738,82,212,38,15,47,69,31
1739,82,231,62,1,37,54,46
1740,82,255,27,14,59,84,16
1741,82,181,8,80,12,10,90
1742,82,264,54,19,27,24,76
1743,83,145,30,9,61,25,75
1744,83,228,7,23,70,91,9
1745,83,265,19,57,24,22,78
1746,83,129,13,57,30,83,17
1747,83,171,14,37,49,89,11
1748,83,196,3,79,18,48,52
1749,83,149,84,5,11,98,2
1750,83,275,17,20,63,24,76
1751,83,260,53,20,27,71,29
1752,83,140,35,20,45,61,39
1753,83,206,23,36,41,51,49
1754,83,146,6,8,86,7,93
1755,83,228,65,7,28,56,44
1756,83,109,36,1,63,81,19
1757,83,118,77,4,19,66,34
1758,83,166,30,36,34,54,46
1759,83,174,45,36,19,39,61
1760,83,277,0,47,53,89,11
1761,83,209,57,43,0,38,62
1762,83,264,8,74,18,15,85
1763,83,228,20,22,58,54,46
1764,84,197,13,31,56,27,73
1765,84,268,3,8,89,99,1
1766,84,119,33,3,64,4,96
1767,84,150,57,32,11,43,57
1768,84,104,41,49,10,0,100
1769,84,268,90,6,4,86,14
1770,84,262,3,12,85,57,43
1771,84,247,85,4,11,25,75
1772,84,189,38,15,47,95,5
1773,84,283,4,55,41,2,98
1774,84,258,56,44,0,87,13
1775,84,155,28,68,4,90,10
1776,84,144,1,86,13,32,68
1777,84,213,2,85,13,93,7
1778,84,288,24,4,72,43,57
1779,84,216,42,16,42,19,81
1780,84,127,30,37,33,84,16
1781,84,280,69,12,19,36,64
1782,84,285,38,24,38,92,8
1783,84,167,9,83,8,50,50
1784,84,125,28,12,60,9,91
1785,85,168,62,6,32,27,73
1786,85,120,26,71,3,74,26
1787,85,295,24,9,67,41,59
1788,85,122,13,34,53,49,51
1789,85,177,4,79,17,28,72
1790,85,142,91,0,9,99,1
1791,85,163,53,9,38,56,44
1792,85,131,55,26,19,7,93
1793,85,162,58,36,6,37,63
1794,85,124,25,12,63,7,93
1795,85,163,17,10,73,59,41
1796,85,259,31,49,20,51,49
1797,85,249,37,8,55,3,97
1798,85,149,16,36,48,87,13
1799,85,100,19,78,3,16,84
1800,85,122,19,68,13,15,85
1801,85,205,6,3,91,29,71
1802,85,164,1,35,64,22,78
1803,85,283,81,10,9,35,65
1804,85,151,15,82,3,77,23
1805,85,163,49,43,8,26,74
1806,86,134,53,5,42,25,75
1807,86,251,20,74,6,63,37
1808,86,193,7,14,79,42,58
1809,86,104,29,32,39,12,88
1810,86,112,7,25,68,67,33
1811,86,147,26,64,10,26,74
1812,86,243,17,7,76,39,61
1813,86,176,6,50,44,33,67
1814,86,157,44,35,21,70,30
1815,86,234,31,27,42,67,33
1816,86,296,83,15,2,74,26
1817,86,270,27,44,29,43,57
1818,86,226,7,63,30,21,79
1819,86,110,5,94,1,78,22
1820,86,114,52,36,12,1,99
1821,86,252,82,12,6,31,69
1822,86,149,24,38,38,48,52
1823,86,212,32,58,10,26,74
1824,86,178,24,10,66,69,31
1825,86,255,20,11,69,4,96
1826,86,147,7,87,6,74,26
1827,87,208,19,28,53,5,95
1828,87,142,15,76,9,14,86
1829,87,252,98,0,2,60,40
1830,87,287,5,33,62,30,70
1831,87,119,7,12,81,95,5
1832,87,219,58,35,7,60,40
1833,87,100,29,9,62,28,72
1834,87,151,13,31,56,85,15
1835,87,186,5,57,38,59,41
1836,87,103,69,25,6,51,49
1837,87,105,0,81,19,59,41
1838,87,145,25,56,19,19,81
1839,87,125,15,81,4,99,1
1840,87,297,36,57,7,47,53
1841,87,154,35,58,7,94,6
1842,87,156,25,65,10,2,98
1843,87,109,8,82,10,62,38
1844,87,112,32,4,64,0,100
1845,87,217,44,46,10,21,79
1846,87,255,11,1,88,51,49
1847,87,251,4,15,81,79,21
1848,88,227,61,17,22,24,76
1849,88,132,6,71,23,51,49
1850,88,208,32,41,27,12,88
1851,88,276,10,13,77,96,4
1852,88,159,10,80,10,27,73
1853,88,161,4,9,87,63,37
1854,88,257,42,55,3,44,56
1855,88,272,71,0,29,84,16
1856,88,208,24,27,49,71,29
1857,88,104,5,55,40,26,74
1858,88,129,97,3,0,21,79
1859,88,208,17,42,41,94,6
1860,88,282,37,44,19,6,94
1861,88,251,77,8,15,34,66
1862,88,132,24,28,48,84,16
1863,88,121,41,58,1,16,84
1864,88,184,6,21,73,79,21
1865,88,196,21,25,54,38,62
1866,88,266,52,22,26,20,80
1867,88,216,65,33,2,94,6
1868,88,183,26,21,53,47,53
1869,89,293,66,28,6,10,90
1870,89,286,42,58,0,62,38
1871,89,237,11,28,61,1,99
1872,89,279,78,22,0,16,84
1873,89,271,24,0,76,12,88
1874,89,220,47,39,14,53,47
1875,89,207,37,9,54,50,50
1876,89,124,37,63,0,7,93
1877,89,117,27,41,32,61,39
1878,89,237,1,58,41,64,36
1879,89,204,47,0,53,19,81
1880,89,284,69,14,17,81,19
1881,89,141,38,10,52,9,91
1882,89,287,65,33,2,15,85
1883,89,151,50,19,31,62,38
1884,89,229,15,49,36,50,50
1885,89,236,33,26,41,7,93
1886,89,276,58,42,0,21,79
1887,89,142,15,7,78,49,51
1888,89,183,51,37,12,3,97
1889,89,299,14,15,71,26,74
1890,90,291,12,12,76,94,6
1891,90,124,41,51,8,94,6
1892,90,214,9,78,13,74,26
1893,90,170,11,40,49,5,95
1894,90,185,74,23,3,77,23
1895,90,241,11,53,36,31,69
1896,90,156,5,49,46,83,17
1897,90,141,10,1,89,46,54
1898,90,231,49,26,25,17,83
1899,90,114,59,38,3,46,54
1900,90,219,48,11,41,12,88
1901,90,201,39,50,11,35,65
1902,90,250,24,73,3,75,25
1903,90,298,53,21,26,74,26
1904,90,141,93,5,2,91,9
1905,90,211,19,37,44,40,60
1906,90,250,6,21,73,81,19
1907,90,110,30,28,42,4,96
1908,90,220,62,5,33,26,74
1909,90,268,22,67,11,42,58
1910,90,282,15,44,41,30,70
1911,91,299,18,76,6,28,72
1912,91,267,46,51,3,19,81
1913,91,182,36,5,59,52,48
1914,91,165,20,35,45,37,63
1915,91,299,25,12,63,14,86
1916,91,220,2,63,35,20,80
1917,91,150,85,6,9,23,77
1918,91,114,19,2,79,29,71
1919,91,139,65,6,29,57,43
1920,91,211,15,4,81,62,38
1921,91,201,1,8,91,54,46
1922,91,103,34,57,9,9,91
1923,91,103,27,49,24,23,77
1924,91,266,1,55,44,52,48
1925,91,284,86,6,8,40,60
1926,91,162,29,35,36,87,13
1927,91,268,1,96,3,80,20
1928,91,194,18,34,48,7,93
1929,91,142,7,80,13,95,5
1930,91,154,42,20,38,6,94
1931,91,286,15,0,85,73,27
1932,92,238,42,29,29,100,0
1933,92,292,40,59,1,2,98
1934,92,254,55,45,0,77,23
1935,92,291,30,37,33,35,65
1936,92,278,55,18,27,24,76
1937,92,230,33,25,42,82,18
1938,92,111,4,61,35,96,4
1939,92,253,4,6,90,65,35
1940,92,257,19,61,20,24,76
1941,92,102,2,73,25,43,57
1942,92,236,22,73,5,34,66
1943,92,146,7,61,32,92,8
1944,92,114,8,21,71,90,10
1945,92,185,16,60,24,75,25
1946,92,118,27,35,38,22,78
1947,92,126,8,55,37,100,0
1948,92,279,51,2,47,13,87
1949,92,236,14,48,38,81,19
1950,92,192,29,26,45,18,82
1951,92,180,2,36,62,70,30
1952,92,290,18,15,67,86,14
1953,93,278,7,71,22,42,58
1954,93,122,2,13,85,27,73
1955,93,297,25,30,45,49,51
1956,93,169,36,62,2,55,45
1957,93,183,0,82,18,20,80
1958,93,281,35,28,37,84,16
1959,93,220,20,27,53,60,40
1960,93,199,5,26,69,86,14
1961,93,226,49,41,10,20,80
1962,93,139,1,94,5,13,87
1963,93,142,4,20,76,77,23
1964,93,243,87,12,1,94,6
1965,93,274,46,39,15,54,46
1966,93,112,11,6,83,3,97
1967,93,119,79,13,8,82,18
1968,93,111,48,26,26,3,97
1969,93,160,17,52,31,70,30
1970,93,228,56,30,14,30,70
1971,93,266,10,80,10,96,4
1972,93,174,58,36,6,9,91
1973,93,146,24,32,44,3,97
1974,94,297,27,60,13,71,29
1975,94,269,39,31,30,68,32
1976,94,283,88,7,5,94,6
1977,94,267,2,71,27,1,99
1978,94,299,69,11,20,79,21
1979,94,232,57,30,13,13,87
1980,94,292,19,45,36,21,79
1981,94,201,78,4,18,2,98
1982,94,279,9,68,23,47,53
1983,94,221,72,0,28,75,25
1984,94,228,21,11,68,94,6
1985,94,230,95,0,5,57,43
1986,94,151,14,21,65,63,37
1987,94,198,27,26,47,12,88
1988,94,155,27,64,9,46,54
1989,94,241,71,13,16,80,20
1990,94,269,34,0,66,22,78
1991,94,106,47,40,13,92,8
1992,94,121,19,36,45,85,15
1993,94,212,3,11,86,99,1
1994,94,213,4,79,17,47,53
1995,95,185,13,55,32,24,76
1996,95,218,62,8,30,35,65
1997,95,296,27,14,59,34,66
1998,95,251,30,36,34,39,61
1999,95,273,62,34,4,19,81
2000,95,184,0,60,40,94,6
2001,95,139,78,3,19,43,57
2002,95,204,1,32,67,14,86
2003,95,241,12,13,75,37,63
2004,95,271,58,42,0,41,59
2005,95,210,13,14,73,16,84
2006,95,237,6,25,69,49,51
2007,95,283,4,39,57,46,54
2008,95,247,50,17,33,68,32
2009,95,121,19,43,38,50,50
2010,95,223,10,37,53,54,46
2011,95,228,22,58,20,49,51
2012,95,255,12,83,5,34,66
2013,95,266,68,25,7,22,78
2014,95,115,38,26,36,77,23
2015,95,204,43,45,12,78,22
2016,96,148,57,3,40,57,43
2017,96,189,14,80,6,79,21
2018,96,233,5,18,77,87,13
2019,96,248,11,30,59,2,98
2020,96,104,79,13,8,88,12
2021,96,139,51,42,7,25,75
2022,96,137,71,3,26,9,91
2023,96,205,44,23,33,77,23
2024,96,284,27,63,10,41,59
2025,96,153,15,54,31,90,10
2026,96,184,7,31,62,24,76
2027,96,214,0,43,57,73,27
2028,96,298,15,26,59,92,8
2029,96,245,23,42,35,5,95
2030,96,158,43,26,31,48,52
2031,96,248,43,44,13,8,92
2032,96,225,53,36,11,88,12
2033,96,180,29,67,4,16,84
2034,96,129,47,16,37,24,76
2035,96,282,69,5,26,96,4
2036,96,181,60,33,7,21,79
2037,97,115,52,35,13,0,100
2038,97,299,31,47,22,63,37
2039,97,283,77,11,12,18,82
2040,97,173,35,47,18,90,10
2041,97,152,49,42,9,44,56
2042,97,219,56,13,31,44,56
2043,97,276,31,62,7,73,27
2044,97,141,40,18,42,29,71
2045,97,176,1,52,47,49,51
2046,97,153,38,56,6,54,46
2047,97,235,45,17,38,61,39
2048,97,169,65,35,0,80,20
2049,97,243,24,11,65,82,18
2050,97,268,92,2,6,100,0
2051,97,258,17,51,32,2,98
2052,97,185,74,20,6,15,85
2053,97,297,44,33,23,79,21
2054,97,264,58,32,10,16,84
2055,97,260,12,88,0,20,80
2056,97,284,17,71,12,47,53
2057,97,127,54,22,24,17,83
2058,98,275,26,19,55,23,77
2059,98,157,1,69,30,43,57
2060,98,207,57,39,4,94,6
2061,98,156,22,33,45,21,79
2062,98,224,23,18,59,10,90
2063,98,133,38,0,62,15,85
2064,98,199,0,7,93,17,83
2065,98,240,32,3,65,31,69
2066,98,109,4,70,26,83,17
2067,98,269,68,1,31,10,90
2068,98,237,12,51,37,45,55
2069,98,179,27,27,46,72,28
2070,98,165,12,19,69,43,57
2071,98,185,11,63,26,7,93
2072,98,284,59,30,11,44,56
2073,98,245,69,4,27,21,79
2074,98,236,34,41,25,28,72
2075,98,248,32,17,51,28,72
2076,98,142,17,56,27,95,5
2077,98,124,18,79,3,83,17
2078,98,245,17,5,78,76,24
2079,99,137,62,21,17,7,93
2080,99,172,27,43,30,51,49
2081,99,245,33,56,11,23,77
2082,99,214,55,16,29,53,47
2083,99,252,31,67,2,80,20
2084,99,191,30,40,30,95,5
2085,99,248,65,27,8,7,93
2086,99,170,16,54,30,28,72
2087,99,286,49,36,15,51,49
2088,99,230,3,57,40,47,53
2089,99,232,76,4,20,75,25
2090,99,200,24,57,19,73,27
2091,99,165,50,3,47,87,13
2092,99,196,42,26,32,39,61
2093,99,162,6,27,67,84,16
2094,99,160,83,1,16,76,24
2095,99,277,17,39,44,72,28
2096,99,256,42,56,2,97,3
2097,99,163,31,31,38,96,4
2098,99,275,13,28,59,2,98
2099,99,158,37,33,30,65,35
2100,100,240,8,22,70,85,15
2101,100,298,79,14,7,6,94
2102,100,130,39,19,42,29,71
2103,100,181,40,1,59,91,9
2104,100,206,14,25,61,54,46
2105,100,172,27,16,57,41,59
2106,100,139,3,94,3,54,46
2107,100,288,15,17,68,21,79
2108,100,205,57,36,7,54,46
2109,100,273,14,6,80,77,23
2110,100,228,64,15,21,65,35
2111,100,288,44,52,4,10,90
2112,100,136,83,16,1,63,37
2113,100,103,39,4,57,52,48
2114,100,137,43,3,54,26,74
2115,100,137,17,75,8,63,37
2116,100,296,63,12,25,48,52
2117,100,161,10,50,40,61,39
2118,100,229,50,28,22,56,44
2119,100,287,20,58,22,60,40
2120,100,257,22,33,45,94,6
2121,101,136,5,0,95,65,35
2122,101,161,70,22,8,80,20
2123,101,167,70,29,1,34,66
2124,101,109,38,56,6,91,9
2125,101,191,16,63,21,42,58
2126,101,279,11,1,88,42,58
2127,101,118,62,29,9,96,4
2128,101,246,77,2,21,85,15
2129,101,245,57,1,42,13,87
2130,101,203,38,22,40,55,45
2131,101,263,5,26,69,86,14
2132,101,123,54,46,0,83,17
2133,101,174,3,17,80,74,26
2134,101,117,24,1,75,48,52
2135,101,264,21,62,17,42,58
2136,101,287,50,13,37,74,26
2137,101,260,53,7,40,13,87
2138,101,138,13,72,15,82,18
2139,101,270,22,42,36,49,51
2140,101,210,36,52,12,95,5
2141,101,218,71,1,28,30,70
2142,102,167,11,39,50,17,83
2143,102,125,25,19,56,91,9
2144,102,139,74,16,10,70,30
2145,102,236,72,25,3,94,6
2146,102,242,48,37,15,30,70
2147,102,171,8,32,60,61,39
2148,102,268,45,35,20,21,79
2149,102,128,29,9,62,19,81
2150,102,176,1,61,38,77,23
2151,102,193,27,73,0,19,81
2152,102,286,56,18,26,63,37
2153,102,153,9,75,16,21,79
2154,102,142,66,34,0,68,32
2155,102,169,24,21,55,98,2
2156,102,152,59,6,35,39,61
2157,102,172,16,16,68,72,28
2158,102,179,18,36,46,86,14
2159,102,261,0,37,63,94,6
2160,102,261,11,51,38,33,67
2161,102,192,9,89,2,3,97
2162,102,112,60,14,26,22,78
2163,103,176,13,68,19,59,41
2164,103,186,40,31,29,12,88
2165,103,113,19,35,46,20,80
2166,103,165,17,25,58,65,35
2167,103,120,53,18,29,54,46
2168,103,249,3,71,26,22,78
2169,103,242,63,10,27,29,71
2170,103,109,14,71,15,12,88
2171,103,108,5,94,1,45,55
2172,103,291,21,43,36,18,82
2173,103,133,31,64,5,23,77
2174,103,105,11,87,2,82,18
2175,103,164,47,29,24,37,63
2176,103,234,7,1,92,71,29
2177,103,117,52,26,22,17,83
2178,103,111,23,21,56,51,49
2179,103,212,87,7,6,70,30
2180,103,146,16,31,53,1,99
2181,103,123,1,50,49,84,16
2182,103,246,0,13,87,81,19
2183,103,136,36,62,2,21,79
