,id,compania,tarifa,tp_punta_euros/kwh/dia,tp_valle_euros/kwh/dia,peaje_tran_dist_pot_punta,peaje_tran_dist_pot_valle,peaje_ener_valle_tdc,peaje_ener_llano_tdc,peaje_ener_punta_tdc,termino_consumo_euros/kwh/hora,tc_valle_euros/kwh/hora,tc_llano_euros/kwh/hora,tc_punta_euros/kwh/hora,tc_8h_euros/kwh/hora,tc_16h_euros/kwh/hora,mercado,tipo,otros,alquiler_equipo_euros/dia,impuesto_actual,bono_social_euro/dia,margen_euros/kWh/dia,consumo_valle,consumo_llano,consumo_punta,total_actual,total_factura,coste_valle,coste_llano,coste_punta
0,0,Repsol,Mis 10 Horas,0.0681918,0.0681918,0.0081915,0.000527,0.002752,0.027963,0.076974,0.0,0.0,0.0,0.0,0.086415,0.17283,Libre,DH,0.0,0.026557,5.11,0.0,0.0,100.0,100.0,100.0,10.0,66.444444708444,8.6415,17.283,17.283
1,1,Iberdrola,Plan Elige 8 Horas,0.1081918,0.042411,0.0081915,0.000527,0.002752,0.027963,0.076974,0.0,0.0,0.0,0.0,0.0967,0.241,Libre,DH,0.0,0.026557,5.11,0.0,0.0,100.0,100.0,100.0,10.0,85.02497157541201,9.67,24.099999999999998,24.099999999999998
2,2,Iberdrola,Plan Noche,0.1081918,0.042411,0.0081915,0.000527,0.002752,0.027963,0.076974,0.0,0.0,0.0,0.0,0.109,0.239,Libre,DH,0.0,0.026557,5.11,0.0,0.0,100.0,100.0,100.0,10.0,85.984625875412,10.9,23.9,23.9
3,3,Iberdrola,Plan Familias,0.1081918,0.042411,0.0081915,0.000527,0.002752,0.027963,0.076974,0.0,0.0,0.0,0.0,0.103,0.189,Libre,DH,0.0,0.026557,5.11,0.0,0.0,100.0,100.0,100.0,10.0,73.72879987541201,10.299999999999999,18.9,18.9
4,4,Iberdrola,Plan Verano,0.1081918,0.042411,0.0081915,0.000527,0.002752,0.027963,0.076974,0.0,0.0,0.0,0.0,0.099,0.219,Libre,DH,0.0,0.026557,5.11,0.0,0.0,100.0,100.0,100.0,10.0,80.203575875412,9.9,21.9,21.9
5,5,Iberdrola,Plan Invierno,0.1081918,0.042411,0.0081915,0.000527,0.002752,0.027963,0.076974,0.0,0.0,0.0,0.0,0.096,0.225,Libre,DH,0.0,0.026557,5.11,0.0,0.0,100.0,100.0,100.0,10.0,81.24416487541201,9.6,22.5,22.5
6,6,Iberdrola,Plan Vehiculo Electrico,0.0958904,0.042411,0.0081915,0.000527,0.002752,0.027963,0.076974,0.0,0.0,0.0,0.0,0.03,0.199999,Libre,DH,0.0,0.026557,5.11,0.0,0.0,100.0,100.0,100.0,10.0,66.423820465706,3.0,19.9999,19.9999
7,7,Iberdrola,Plan Solar,0.0958904,0.042411,0.0081915,0.000527,0.002752,0.027963,0.076974,0.0,0.0,0.0,0.0,0.1016,0.2032,Libre,DH,0.0,0.026557,5.11,0.0,0.0,100.0,100.0,100.0,10.0,75.44248970770602,10.16,20.32,20.32
8,8,Iberdrola,Plan Ahorro Inteligente,0.1081918,0.042411,0.0081915,0.000527,0.002752,0.027963,0.076974,0.0,0.0,0.0,0.0,0.099999,0.168225,Libre,DH,0.0,0.026557,5.11,0.0,0.0,100.0,100.0,100.0,10.0,68.57776870441201,9.9999,16.8225,16.8225
9,9,Naturgy,Por Uso,0.1037,0.034,0.0081915,0.000527,0.002752,0.027963,0.076974,0.1149,0.0,0.0,0.0,0.0,0.0,Libre,FIJO,0.0,0.026557,5.11,0.0,0.0,100.0,100.0,100.0,10.0,56.492741283,11.49,11.49,11.49
10,10,Cepsa (Podo),Flexi Uno,0.08,0.004,0.0081915,0.000527,0.002752,0.027963,0.076974,0.172,0.0,0.0,0.0,0.0,0.0,Libre,FIJO,0.0,0.026557,5.11,0.0,0.0,100.0,100.0,100.0,10.0,70.15185936,17.2,17.2,17.2
11,11,Endesa,OneLuz,0.1057847,0.0388729,0.0081915,0.000527,0.002752,0.027963,0.076974,0.1125,0.0,0.0,0.0,0.0,0.0,Libre,FIJO,0.0,0.026557,5.11,0.0,0.0,100.0,100.0,100.0,10.0,56.456670305904005,11.25,11.25,11.25
12,12,Endesa,ConectaEndesa,0.0997032,0.0327914,0.0081915,0.000527,0.002752,0.027963,0.076974,0.0957,0.0,0.0,0.0,0.0,0.0,Libre,FIJO,0.0,0.026557,5.11,0.0,0.0,100.0,100.0,100.0,10.0,49.237136665134,9.569999999999999,9.569999999999999,9.569999999999999
13,13,Endesa,OneLuz12mess,0.1057847,0.0388729,0.0081915,0.000527,0.002752,0.027963,0.076974,0.10625,0.0,0.0,0.0,0.0,0.0,Libre,FIJO,0.0,0.026557,5.11,0.0,0.0,100.0,100.0,100.0,10.0,54.28877655590401,10.625,10.625,10.625
14,14,Endesa,TempoHappy 2 horas,0.1057847,0.0388729,0.0081915,0.000527,0.002752,0.027963,0.076974,0.200738,0.0,0.0,0.0,0.0,0.0,Libre,FIJO,0.0,0.026557,5.11,0.0,0.0,100.0,100.0,100.0,10.0,87.06316769990403,20.0738,20.0738,20.0738
15,15,Endesa,TempoHappy 24horas,0.1057847,0.0388729,0.0081915,0.000527,0.002752,0.027963,0.076974,0.200738,0.0,0.0,0.0,0.0,0.0,Libre,FIJO,0.0,0.026557,5.11,0.0,0.0,100.0,100.0,100.0,10.0,87.06316769990403,20.0738,20.0738,20.0738
16,16,EDP,Tranquilidad,0.0942237,0.0273119,0.0081915,0.000527,0.002752,0.027963,0.076974,0.14,0.0,0.0,0.0,0.0,0.0,Libre,FIJO,0.0,0.026557,5.11,0.0,0.0,100.0,100.0,100.0,10.0,63.34874793152402,14.000000000000002,14.000000000000002,14.000000000000002
17,17,EDP,Tranquilidad,0.0942237,0.0273119,0.0081915,0.000527,0.002752,0.027963,0.076974,0.128,0.0,0.0,0.0,0.0,0.0,Libre,FIJO,0.0,0.026557,5.11,0.0,0.0,100.0,100.0,100.0,10.0,59.18639193152401,12.8,12.8,12.8
18,18,TotalEnergies,A Tu Aire Siempre,0.1367,0.1367,0.0081915,0.000527,0.002752,0.027963,0.076974,0.105,0.0,0.0,0.0,0.0,0.0,Libre,FIJO,0.0,0.026557,5.11,0.0,0.0,100.0,100.0,100.0,10.0,68.591669586,10.5,10.5,10.5
19,19,Imagina,Plan sin horas,0.099,0.049,0.0081915,0.000527,0.002752,0.027963,0.076974,0.116,0.0,0.0,0.0,0.0,0.0,Libre,FIJO,0.0,0.026557,5.11,0.0,0.0,100.0,100.0,100.0,10.0,58.05327792000001,11.600000000000001,11.600000000000001,11.600000000000001
20,20,Imagina,Plan Solar 1,0.065,0.099,0.0081915,0.000527,0.002752,0.027963,0.076974,0.214,0.0,0.0,0.0,0.0,0.0,Libre,FIJO,0.0,0.026557,5.11,0.0,0.0,100.0,100.0,100.0,10.0,93.87728856000003,21.4,21.4,21.4
21,21,Imagina,Plan Solar 2,0.049,0.099,0.0081915,0.000527,0.002752,0.027963,0.076974,0.116,0.0,0.0,0.0,0.0,0.0,Libre,FIJO,0.0,0.026557,5.11,0.0,0.0,100.0,100.0,100.0,10.0,58.05327792000001,11.600000000000001,11.600000000000001,11.600000000000001
22,22,EnergyGO,Precio Fijo,0.1189,0.052,0.0081915,0.000527,0.002752,0.027963,0.076974,0.128,0.0,0.0,0.0,0.0,0.0,Libre,FIJO,0.0,0.026557,5.11,0.0,0.0,100.0,100.0,100.0,10.0,64.836877611,12.8,12.8,12.8
23,23,Repsol,Ahorro Plus,0.0681918,0.0681918,0.0081915,0.000527,0.002752,0.027963,0.076974,0.119746,0.0,0.0,0.0,0.0,0.0,Libre,FIJO,0.0,0.026557,5.11,0.0,0.0,100.0,100.0,100.0,10.0,58.022957931444004,11.9746,11.9746,11.9746
24,24,Som Energia,Indexada,0.0752712,0.0083808,0.0081915,0.000527,0.002752,0.027963,0.076974,0.164401,0.0,0.0,0.0,0.0,0.0,Libre,FIJO,0.0,0.026557,5.11,0.0,0.0,100.0,100.0,100.0,10.0,67.47621367608001,16.440099999999997,16.440099999999997,16.440099999999997
25,25,Com Reg Naturgy,PVPC,0.0081915,0.000527,0.061375,0.002128,0.002752,0.027963,0.076974,0.0,0.115065,0.141355,0.19233,0.0,0.0,Regulado,PVPC,0.0,0.026557,5.11,0.033886,0.008528767,100.0,100.0,100.0,10.0,84.87391928999786,11.5065,14.1355,19.233
26,26,Fenie Energia,MISMO PRECIO 24H 2.0TD,0.069566,0.002654,0.0081915,0.000527,0.002752,0.027963,0.076974,0.164604,0.0,0.0,0.0,0.0,0.0,Libre,FIJO,0.0,0.026557,5.11,0.0,0.0,100.0,100.0,100.0,10.0,66.2380653858,16.4604,16.4604,16.4604
27,27,Fenie Energia,PRECIO MERCADO 2.0TD,0.069566,0.002654,0.0081915,0.000527,0.002752,0.027963,0.076974,0.149455,0.0,0.0,0.0,0.0,0.0,Libre,FIJO,0.0,0.026557,5.11,0.0,0.0,100.0,100.0,100.0,10.0,60.983437798800004,14.945500000000001,14.945500000000001,14.945500000000001
28,28,Disa,Alisios,0.08,0.03,0.0081915,0.000527,0.002752,0.027963,0.076974,0.12,0.0,0.0,0.0,0.0,0.0,Libre,FIJO,0.0,0.026557,5.11,0.0,0.0,100.0,100.0,100.0,10.0,55.091067900000006,12.0,12.0,12.0
29,29,Pepe Energy,Fija,0.069567,0.0807,0.0081915,0.000527,0.002752,0.027963,0.076974,0.168,0.0,0.0,0.0,0.0,0.0,Libre,FIJO,0.0,0.026557,5.11,0.0,0.0,100.0,100.0,100.0,10.0,76.34964559893,16.8,16.8,16.8
30,30,Aldro,Facil Luz,0.086749,0.05,0.0081915,0.000527,0.002752,0.027963,0.076974,0.119,0.0,0.0,0.0,0.0,0.0,Libre,FIJO,0.0,0.026557,5.11,0.0,0.0,100.0,100.0,100.0,10.0,57.80602356770999,11.899999999999999,11.899999999999999,11.899999999999999
31,31,Gana Energia,24 Horas,0.123,0.05,0.0081915,0.000527,0.002752,0.027963,0.076974,0.119,0.0,0.0,0.0,0.0,0.0,Libre,FIJO,0.0,0.026557,5.11,0.0,0.0,100.0,100.0,100.0,10.0,61.95548667,11.899999999999999,11.899999999999999,11.899999999999999
32,32,CHC Energia,Plan Ilumina,0.081417,0.081417,0.0081915,0.000527,0.002752,0.027963,0.076974,0.149736,0.0,0.0,0.0,0.0,0.0,Libre,FIJO,0.0,0.026557,5.11,0.0,0.0,100.0,100.0,100.0,10.0,71.45301878286001,14.973600000000001,14.973600000000001,14.973600000000001
33,33,CHC Energia,Plan Ilumina Promo,0.081417,0.081417,0.0081915,0.000527,0.002752,0.027963,0.076974,0.118958,0.0,0.0,0.0,0.0,0.0,Libre,FIJO,0.0,0.026557,5.11,0.0,0.0,100.0,100.0,100.0,10.0,60.77726936886,11.8958,11.8958,11.8958
34,34,CHC Energia,Plan Ilumina Duo,0.05402,0.05402,0.0081915,0.000527,0.002752,0.027963,0.076974,0.195736,0.0,0.0,0.0,0.0,0.0,Libre,FIJO,0.0,0.026557,5.11,0.0,0.0,100.0,100.0,100.0,10.0,81.1367330796,19.5736,19.5736,19.5736
35,35,CHC Energia,Plan Ilumina Duo Promo,0.075527,0.008654,0.0081915,0.000527,0.002752,0.027963,0.076974,0.149736,0.0,0.0,0.0,0.0,0.0,Libre,FIJO,0.0,0.026557,5.11,0.0,0.0,100.0,100.0,100.0,10.0,62.45001965499001,14.973600000000001,14.973600000000001,14.973600000000001
36,36,CatGas Energia,2.0TD L,0.08951,0.0287671,0.0081915,0.000527,0.002752,0.027963,0.076974,0.132,0.0,0.0,0.0,0.0,0.0,Libre,FIJO,0.0,0.026557,5.11,0.0,0.0,100.0,100.0,100.0,10.0,60.20086041330901,13.200000000000001,13.200000000000001,13.200000000000001
37,37,Integra Energia,2.0TD,0.069566,0.02954,0.0081915,0.000527,0.002752,0.027963,0.076974,0.09,0.0,0.0,0.0,0.0,0.0,Libre,FIJO,0.0,0.026557,5.11,0.0,0.0,100.0,100.0,100.0,10.0,43.438198477739995,9.0,9.0,9.0
38,38,Bassols Energia,Hogar 24h,0.089036,0.019343,0.0081915,0.000527,0.002752,0.027963,0.076974,0.159081,0.0,0.0,0.0,0.0,0.0,Libre,FIJO,0.0,0.026557,5.11,0.0,0.0,100.0,100.0,100.0,10.0,68.46127337841,15.9081,15.9081,15.9081
39,39,Acis Energia,Ecoluz Free,0.1068701,0.0439183,0.0081915,0.000527,0.002752,0.027963,0.076974,0.168451,0.0,0.0,0.0,0.0,0.0,Libre,FIJO,0.0,0.026557,5.11,0.0,0.0,100.0,100.0,100.0,10.0,76.565762753436,16.8451,16.8451,16.8451
40,40,Estabanell Energia,Dinámico sin horarios,0.084676,0.033248,0.0081915,0.000527,0.002752,0.027963,0.076974,0.1589,0.0,0.0,0.0,0.0,0.0,Libre,FIJO,0.0,0.026557,5.11,0.0,0.0,100.0,100.0,100.0,10.0,69.49105759596,15.89,15.89,15.89
41,41,Iberdrola,Plan Online,0.0958904,0.0410959,0.0081915,0.000527,0.002752,0.027963,0.076974,0.10942,0.0,0.0,0.0,0.0,0.0,Libre,FIJO,0.0,0.026557,5.11,0.0,0.0,100.0,100.0,100.0,10.0,54.510238522377,10.942,10.942,10.942
42,42,Iberdrola,Plan Mas Ahorro,0.1081918,0.042411,0.0081915,0.000527,0.002752,0.027963,0.076974,0.143,0.0,0.0,0.0,0.0,0.0,Libre,FIJO,0.0,0.026557,5.11,0.0,0.0,100.0,100.0,100.0,10.0,67.716507875412,14.299999999999999,14.299999999999999,14.299999999999999
43,43,Iberdrola,Plan Estable Verde,0.1081918,0.042411,0.0081915,0.000527,0.002752,0.027963,0.076974,0.155,0.0,0.0,0.0,0.0,0.0,Libre,FIJO,0.0,0.026557,5.11,0.0,0.0,100.0,100.0,100.0,10.0,71.87886387541202,15.5,15.5,15.5
44,44,Iberdrola,Plan Estable,0.1081918,0.042411,0.0081915,0.000527,0.002752,0.027963,0.076974,0.135,0.0,0.0,0.0,0.0,0.0,Libre,FIJO,0.0,0.026557,5.11,0.0,0.0,100.0,100.0,100.0,10.0,64.941603875412,13.5,13.5,13.5
45,45,Mas Movil Energia,Precio Fijo,0.1189,0.052,0.0081915,0.000527,0.002752,0.027963,0.076974,0.128,0.0,0.0,0.0,0.0,0.0,Libre,FIJO,0.0,0.026557,5.11,0.0,0.0,100.0,100.0,100.0,10.0,64.836877611,12.8,12.8,12.8
46,46,Energya VM,Formula fija 24 horas,0.090411,0.0465754,0.0081915,0.000527,0.002752,0.027963,0.076974,0.09975,0.0,0.0,0.0,0.0,0.0,Libre,FIJO,0.0,0.026557,5.11,0.0,0.0,100.0,100.0,100.0,10.0,51.156084758856004,9.975000000000001,9.975000000000001,9.975000000000001
47,47,Energya VM,Formula fija 24 horas asistencia,0.090411,0.0465754,0.0081915,0.000527,0.002752,0.027963,0.076974,0.0931,0.0,0.0,0.0,0.0,0.0,Libre,FIJO,0.0,0.026557,5.11,0.0,0.0,100.0,100.0,100.0,10.0,48.849445808856004,9.31,9.31,9.31
48,48,Gesternova,Tarifa facil,0.044809,0.044809,0.0081915,0.000527,0.002752,0.027963,0.076974,0.156889,0.0,0.0,0.0,0.0,0.0,Libre,FIJO,0.0,0.026557,5.11,0.0,0.0,100.0,100.0,100.0,10.0,65.55347575722,15.6889,15.6889,15.6889
49,49,Xenera ,A vaquiña contigo unica,0.070357,0.070357,0.0081915,0.000527,0.002752,0.027963,0.076974,0.131388,0.0,0.0,0.0,0.0,0.0,Libre,FIJO,3.0,0.026557,5.11,0.0,0.0,100.0,100.0,100.0,10.0,62.55681530406,13.1388,13.1388,13.1388
50,50,Xenera ,A vaquiña fija,0.070357,0.070357,0.0081915,0.000527,0.002752,0.027963,0.076974,0.125052,0.0,0.0,0.0,0.0,0.0,Libre,FIJO,3.0,0.026557,5.11,0.0,0.0,100.0,100.0,100.0,10.0,60.359091336060004,12.5052,12.5052,12.5052
51,51,Iris Energia,Fija relax,0.0983333,0.0314215,0.0081915,0.000527,0.002752,0.027963,0.076974,0.181958,0.0,0.0,0.0,0.0,0.0,Libre,FIJO,0.0,0.026557,5.11,0.0,0.0,100.0,100.0,100.0,10.0,78.84323468749203,18.195800000000002,18.195800000000002,18.195800000000002
52,52,Iris Energia,Residencial promocional,0.0832648,0.0575342,0.0081915,0.000527,0.002752,0.027963,0.076974,0.151646,0.0,0.0,0.0,0.0,0.0,Libre,FIJO,0.0,0.026557,5.11,0.0,0.0,100.0,100.0,100.0,10.0,69.59329546521,15.1646,15.1646,15.1646
53,53,Iris Energia,Residencial promocional plus,0.0832648,0.0574489,0.0081915,0.000527,0.002752,0.027963,0.076974,0.167846,0.0,0.0,0.0,0.0,0.0,Libre,FIJO,0.0,0.026557,5.11,0.0,0.0,100.0,100.0,100.0,10.0,75.20271221862302,16.7846,16.7846,16.7846
54,54,Watium,2,0.0969635,0.0738873,0.0081915,0.000527,0.002752,0.027963,0.076974,0.107939,0.0,0.0,0.0,0.0,0.0,Libre,FIJO,0.0,0.026557,5.11,0.0,0.0,100.0,100.0,100.0,10.0,57.872827300332,10.793899999999999,10.793899999999999,10.793899999999999
55,55,Fortuluz,Precio unico,0.096962,0.021832,0.0081915,0.000527,0.002752,0.027963,0.076974,0.177535,0.0,0.0,0.0,0.0,0.0,Libre,FIJO,0.0,0.026557,5.11,0.0,0.0,100.0,100.0,100.0,10.0,76.05443396826001,17.7535,17.7535,17.7535
56,56,Naturgy,Noche,0.1037,0.034,0.0081915,0.000527,0.002752,0.027963,0.076974,0.0,0.0821,0.1162,0.17,0.0,0.0,Libre,TRAMOS,0.0,0.026557,5.11,0.0,0.0,100.0,100.0,100.0,10.0,59.221396883000004,8.21,11.62,17.0
57,57,Cepsa (Podo),Flexi Dos,0.08,0.004,0.0081915,0.000527,0.002752,0.027963,0.076974,0.0,0.148,0.148,0.195,0.0,0.0,Libre,TRAMOS,0.0,0.026557,5.11,0.0,0.0,100.0,100.0,100.0,10.0,67.26133435999999,14.799999999999999,14.799999999999999,19.5
58,58,Endesa,OneLuz 3 periodos,0.1057847,0.0388729,0.0081915,0.000527,0.002752,0.027963,0.076974,0.0,0.091271,0.123047,0.183535,0.0,0.0,Libre,TRAMOS,0.0,0.026557,5.11,0.0,0.0,100.0,100.0,100.0,10.0,63.43474451890401,9.1271,12.3047,18.3535
59,59,Energia XXI,PVPC,0.0081915,0.000527,0.061375,0.002128,0.002752,0.027963,0.076974,0.0,0.115065,0.141355,0.19233,0.0,0.0,Regulado,PVPC,0.0,0.026557,5.11,0.033886,0.008528767,100.0,100.0,100.0,10.0,84.87391928999786,11.5065,14.1355,19.233
60,60,EDP,Solar Duo,0.0942237,0.0273119,0.0081915,0.000527,0.002752,0.027963,0.076974,0.0,0.105,0.183,0.183,0.0,0.0,Libre,TRAMOS,0.0,0.026557,5.11,0.0,0.0,100.0,100.0,100.0,10.0,69.24541893152401,10.5,18.3,18.3
61,61,EDP,Solar Duo,0.0942237,0.0273119,0.0081915,0.000527,0.002752,0.027963,0.076974,0.0,0.105,0.183,0.183,0.0,0.0,Libre,TRAMOS,0.0,0.026557,5.11,0.0,0.0,100.0,100.0,100.0,10.0,69.24541893152401,10.5,18.3,18.3
62,62,EDP,Ahorro Solar,0.0942237,0.0273119,0.0081915,0.000527,0.002752,0.027963,0.076974,0.0,0.125,0.145,0.183,0.0,0.0,Libre,TRAMOS,0.0,0.026557,5.11,0.0,0.0,100.0,100.0,100.0,10.0,67.164240931524,12.5,14.499999999999998,18.3
63,63,EDP,Ahorro Solar,0.0942237,0.0273119,0.0081915,0.000527,0.002752,0.027963,0.076974,0.0,0.105,0.131,0.181,0.0,0.0,Libre,TRAMOS,0.0,0.026557,5.11,0.0,0.0,100.0,100.0,100.0,10.0,63.001884931524,10.5,13.100000000000001,18.099999999999998
64,64,Comercializadora de Ultimo Recurso,PVPC,0.0081915,0.000527,0.061375,0.002128,0.002752,0.027963,0.076974,0.0,0.115065,0.141355,0.19233,0.0,0.0,Regulado,PVPC,0.0,0.026557,5.11,0.033886,0.008528767,100.0,100.0,100.0,10.0,84.87391928999786,11.5065,14.1355,19.233
65,65,Baser,PVPC,0.0081915,0.000527,0.061375,0.002128,0.002752,0.027963,0.076974,0.0,0.115065,0.141355,0.19233,0.0,0.0,Regulado,PVPC,0.0,0.026557,5.11,0.033886,0.008528767,100.0,100.0,100.0,10.0,84.87391928999786,11.5065,14.1355,19.233
66,66,TotalEnergies,A Tu Aire Ahorro,0.0684,0.0684,0.0081915,0.000527,0.002752,0.027963,0.076974,0.0,0.0841,0.1012,0.1442,0.0,0.0,Libre,TRAMOS,0.0,0.026557,5.11,0.0,0.0,100.0,100.0,100.0,10.0,54.632283772,8.41,10.12,14.42
67,67,Lucera,Precio de coste,0.07,0.003,0.0081915,0.000527,0.002752,0.027963,0.076974,0.0,0.096,0.13,0.182,0.0,0.0,Libre,TRAMOS,4.9,0.026557,5.11,0.0,0.0,100.0,100.0,100.0,10.0,56.40567867,9.6,13.0,18.2
68,68,Imagina,Plan noches y findes,0.021,0.095,0.0081915,0.000527,0.002752,0.027963,0.076974,0.0,0.092,0.121,0.178,0.0,0.0,Libre,TRAMOS,0.0,0.026557,5.11,0.0,0.0,100.0,100.0,100.0,10.0,59.36210764,9.2,12.1,17.8
69,69,Factor,Fija,0.0805,0.0031,0.0081915,0.000527,0.002752,0.027963,0.076974,0.0,0.1583,0.2175,0.2627,0.0,0.0,Libre,TRAMOS,0.0,0.026557,5.11,0.0,0.0,100.0,100.0,100.0,10.0,84.269645944,15.83,21.75,26.27
70,70,EnergyGO,Variable,0.0887,0.0228,0.0081915,0.000527,0.002752,0.027963,0.076974,0.0,0.1207,0.1508,0.1999,0.0,0.0,Libre,TRAMOS,0.0,0.026557,5.11,0.0,0.0,100.0,100.0,100.0,10.0,68.142944485,12.07,15.079999999999998,19.99
71,71,Escandinava de Electri,Transparente,0.077885,0.008382,0.0081915,0.000527,0.002752,0.027963,0.076974,0.0,0.105974,0.136567,0.188975,0.0,0.0,Libre,TRAMOS,3.9,0.026557,5.11,0.0,0.0,100.0,100.0,100.0,10.0,60.64322647493,10.5974,13.656699999999999,18.8975
72,72,Som Energia,Por Periodos,0.0752712,0.0083808,0.0081915,0.000527,0.002752,0.027963,0.076974,0.0,0.118,0.154,0.212,0.0,0.0,Libre,TRAMOS,0.0,0.026557,5.11,0.0,0.0,100.0,100.0,100.0,10.0,66.41215361308,11.799999999999999,15.4,21.2
73,73,Fenie Energia,PRECIO 3 PERIODOS 2.0TD,0.069566,0.002654,0.0081915,0.000527,0.002752,0.027963,0.076974,0.0,0.159096,0.184857,0.247023,0.0,0.0,Libre,TRAMOS,0.0,0.026557,5.11,0.0,0.0,100.0,100.0,100.0,10.0,77.4722642298,15.9096,18.485699999999998,24.7023
74,74,Fenie Energia,NUESTRO MEJOR PRECIO kWh 2.0TD,0.11701,0.03377,0.0081915,0.000527,0.002752,0.027963,0.076974,0.0,0.081376,0.107137,0.169303,0.0,0.0,Libre,TRAMOS,0.0,0.026557,5.11,0.0,0.0,100.0,100.0,100.0,10.0,59.506425772200004,8.1376,10.7137,16.930300000000003
75,75,Pepe Energy,Variable,0.069567,0.0807,0.0081915,0.000527,0.002752,0.027963,0.076974,0.0,0.1482,0.1817,0.2335,0.0,0.0,Libre,TRAMOS,0.0,0.026557,5.11,0.0,0.0,100.0,100.0,100.0,10.0,83.21753299893,14.82,18.17,23.35
76,76,Aldro,Tendencia Luz,0.0694,0.0026,0.0081915,0.000527,0.002752,0.027963,0.076974,0.0,0.08,0.114,0.168,0.0,0.0,Libre,TRAMOS,0.0,0.026557,5.11,0.0,0.0,100.0,100.0,100.0,10.0,50.972647880000004,8.0,11.4,16.8
77,77,Gana Energia,Precio de Mercado,0.0694,0.0026,0.0081915,0.000527,0.002752,0.027963,0.076974,0.0,0.08,0.114,0.168,0.0,0.0,Libre,TRAMOS,0.0,0.026557,5.11,0.0,0.0,100.0,100.0,100.0,10.0,50.972647880000004,8.0,11.4,16.8
78,78,CHC Energia,Plan Confianza Base,0.162835,0.162835,0.0081915,0.000527,0.002752,0.027963,0.076974,0.0,0.175736,0.175736,0.232736,0.0,0.0,Libre,TRAMOS,0.0,0.026557,5.11,0.0,0.0,100.0,100.0,100.0,10.0,105.70084232730002,17.5736,17.5736,23.2736
79,79,CatGas Energia,2.0TD,0.08951,0.0287671,0.0081915,0.000527,0.002752,0.027963,0.076974,0.0,0.115065,0.141355,0.19233,0.0,0.0,Libre,TRAMOS,0.0,0.026557,5.11,0.0,0.0,100.0,100.0,100.0,10.0,66.299868163309,11.5065,14.1355,19.233
80,80,Integra Energia,2.0TD DH,0.13,0.13,0.0081915,0.000527,0.002752,0.027963,0.076974,0.0,0.115065,0.141355,0.19233,0.0,0.0,Libre,TRAMOS,0.0,0.026557,5.11,0.0,0.0,100.0,100.0,100.0,10.0,82.52215015000003,11.5065,14.1355,19.233
81,81,GoiEner,2.0TD,0.0750456,0.0081338,0.0081915,0.000527,0.002752,0.027963,0.076974,0.0,0.181588,0.217756,0.275113,0.0,0.0,Libre,TRAMOS,0.0,0.026557,5.11,0.0,0.0,100.0,100.0,100.0,10.0,88.378886350326,18.1588,21.7756,27.5113
82,82,Bassols Energia,Luz a Precio de Coste,0.069566,0.002654,0.0081915,0.000527,0.002752,0.027963,0.076974,0.0,0.114175,0.152696,0.203805,0.0,0.0,Libre,TRAMOS,0.0,0.026557,5.11,0.0,0.0,100.0,100.0,100.0,10.0,63.5630579298,11.4175,15.2696,20.380499999999998
83,83,Bassols Energia,Hogar Ahorro,0.089036,0.019343,0.0081915,0.000527,0.002752,0.027963,0.076974,0.0,0.129302,0.154889,0.204944,0.0,0.0,Libre,TRAMOS,0.0,0.026557,5.11,0.0,0.0,100.0,100.0,100.0,10.0,69.83623831041,12.9302,15.4889,20.4944
84,84,Acis Energia,Ecoluz Smart,0.1068701,0.0439183,0.0081915,0.000527,0.002752,0.027963,0.076974,0.0,0.139983,0.155717,0.196733,0.0,0.0,Libre,TRAMOS,0.0,0.026557,5.11,0.0,0.0,100.0,100.0,100.0,10.0,75.071939433436,13.9983,15.5717,19.673299999999998
85,85,Acis Energia,Ecoluz Equal,0.1059412,0.1627939,0.0081915,0.000527,0.002752,0.027963,0.076974,0.0,0.152632,0.175846,0.224074,0.0,0.0,Libre,TRAMOS,0.0,0.026557,5.11,0.0,0.0,100.0,100.0,100.0,10.0,95.52370257912901,15.2632,17.584600000000002,22.4074
86,86,Acis Energia,Ecoluz Evolution,0.1029279,0.161838,0.0081915,0.000527,0.002752,0.027963,0.076974,0.0,0.125065,0.151355,0.20233,0.0,0.0,Libre,TRAMOS,0.0,0.026557,5.11,0.0,0.0,100.0,100.0,100.0,10.0,86.53630789266101,12.5065,15.135499999999999,20.233
87,87,Estabanell Energia,Dinámico horario ahorro,0.084676,0.033248,0.0081915,0.000527,0.002752,0.027963,0.076974,0.0,0.132883,0.155279,0.205316,0.0,0.0,Libre,TRAMOS,0.0,0.026557,5.11,0.0,0.0,100.0,100.0,100.0,10.0,71.43094673396001,13.2883,15.5279,20.5316
88,88,Estabanell Energia,Plan vehículo eléctrico,0.086749,0.002647,0.0081915,0.000527,0.002752,0.027963,0.076974,0.0,0.089968,0.138269,0.199895,0.0,0.0,Libre,TRAMOS,0.0,0.026557,5.11,0.0,0.0,100.0,100.0,100.0,10.0,60.61012533884001,8.9968,13.8269,19.9895
89,89,Estabanell Energia,Solar,0.086749,0.002647,0.0081915,0.000527,0.002752,0.027963,0.076974,0.0,0.097248,0.113646,0.198136,0.0,0.0,Libre,TRAMOS,0.0,0.026557,5.11,0.0,0.0,100.0,100.0,100.0,10.0,58.40153299684,9.7248,11.3646,19.8136
90,90,Iberdrola,Plan Online 3 Periodos,0.0821918,0.0136986,0.0081915,0.000527,0.002752,0.027963,0.076974,0.0,0.08366,0.113646,0.160971,0.0,0.0,Libre,TRAMOS,0.0,0.026557,5.11,0.0,0.0,100.0,100.0,100.0,10.0,53.27680051601601,8.366,11.3646,16.0971
91,91,E Distribucion,PVPC,0.0081915,0.000527,0.061375,0.002128,0.002752,0.027963,0.076974,0.0,0.115065,0.141355,0.19233,0.0,0.0,Regulado,PVPC,0.0,0.026557,5.11,0.033886,0.008528767,100.0,100.0,100.0,10.0,84.87391928999786,11.5065,14.1355,19.233
92,92,Energya VM,PVPC,0.0081915,0.000527,0.061375,0.002128,0.002752,0.027963,0.076974,0.0,0.115065,0.141355,0.19233,0.0,0.0,Regulado,PVPC,0.0,0.026557,5.11,0.033886,0.008528767,100.0,100.0,100.0,10.0,84.87391928999786,11.5065,14.1355,19.233
93,93,Energya VM,Formula 3 periodos,0.079177,0.0027288,0.0081915,0.000527,0.002752,0.027963,0.076974,0.0,0.09981,0.1188,0.1458,0.0,0.0,Libre,TRAMOS,0.0,0.026557,5.11,0.0,0.0,100.0,100.0,100.0,10.0,52.385159806782,9.981,11.88,14.580000000000002
94,94,Gesternova,PVPC,0.0081915,0.000527,0.061375,0.002128,0.002752,0.027963,0.076974,0.0,0.115065,0.141355,0.19233,0.0,0.0,Regulado,PVPC,0.0,0.026557,5.11,0.033886,0.008528767,100.0,100.0,100.0,10.0,84.87391928999786,11.5065,14.1355,19.233
95,95,Gesternova,Tarifa Bateria Virtual (solar),0.060069,0.060069,0.0081915,0.000527,0.002752,0.027963,0.076974,0.0,0.12507,0.15136,0.20238,0.0,0.0,Libre,TRAMOS,0.0,0.026557,5.11,0.0,0.0,100.0,100.0,100.0,10.0,69.98844295102,12.506999999999998,15.136,20.238
96,96,Gesternova,Tarifa horas,0.077573,0.010844,0.0081915,0.000527,0.002752,0.027963,0.076974,0.0,0.139449,0.174752,0.233932,0.0,0.0,Libre,TRAMOS,0.0,0.026557,5.11,0.0,0.0,100.0,100.0,100.0,10.0,74.37269993043,13.944899999999999,17.475199999999997,23.3932
97,97,Xenera ,A vaquiña contigo,0.070357,0.070357,0.0081915,0.000527,0.002752,0.027963,0.076974,0.0,0.074988,0.134225,0.187164,0.0,0.0,Libre,TRAMOS,3.0,0.026557,5.11,0.0,0.0,100.0,100.0,100.0,10.0,62.812684577060004,7.4988,13.422500000000001,18.7164
98,98,Xenera ,A vaquina en casa,0.070357,0.070357,0.0081915,0.000527,0.002752,0.027963,0.076974,0.0,0.12507,0.15136,0.168687,0.0,0.0,Libre,TRAMOS,3.0,0.026557,5.11,0.0,0.0,100.0,100.0,100.0,10.0,68.44805211706,12.506999999999998,15.136,16.8687
99,99,Iris Energia,Tarifa estable,0.0873744,0.0204626,0.0081915,0.000527,0.002752,0.027963,0.076974,0.0,0.149402,0.164994,0.220819,0.0,0.0,Libre,TRAMOS,0.0,0.026557,5.11,0.0,0.0,100.0,100.0,100.0,10.0,75.10201407423003,14.9402,16.4994,22.081899999999997
100,100,Eres Energia,Dos punto cero,0.0793,0.0196,0.0081915,0.000527,0.002752,0.027963,0.076974,0.0,0.117,0.1475,0.2045,0.0,0.0,Libre,TRAMOS,0.0,0.026557,5.11,0.0,0.0,100.0,100.0,100.0,10.0,66.42319773100002,11.700000000000001,14.75,20.45
101,101,Fortuluz,Precio indexado fijo,0.087955,0.013803,0.0081915,0.000527,0.002752,0.027963,0.076974,0.0,0.105167,0.129574,0.175753,0.0,0.0,Libre,TRAMOS,0.0,0.026557,5.11,0.0,0.0,100.0,100.0,100.0,10.0,59.985815874820005,10.5167,12.9574,17.5753
102,102,Fortuluz,A contraluz,0.096962,0.021832,0.0081915,0.000527,0.002752,0.027963,0.076974,0.0,0.138047,0.182545,0.231757,0.0,0.0,Libre,TRAMOS,0.0,0.026557,5.11,0.0,0.0,100.0,100.0,100.0,10.0,78.33725499226003,13.8047,18.2545,23.1757
103,103,Aduriz Energia,coste + fija,0.0800388,0.0031407,0.0081915,0.000527,0.002752,0.027963,0.076974,0.0,0.093282,0.129895,0.179284,0.0,0.0,Libre,TRAMOS,3.72,0.026557,5.11,0.0,0.0,100.0,100.0,100.0,10.0,56.930448280804995,9.3282,12.989500000000001,17.9284
